match_id,season,match_no,innings,over,runs_of_bat,extras,wide,noballs,legbyes,byes,phase,date,venue,batting_team,bowling_team,striker,bowler,wicket_type,player_dismissed,fielder,over_no,ball_no,ball_runs,wicket_event,legal_delivery,current_score,current_wickets,balls_bowled,balls_remaining,wickets_remaining,current_run_rate,run_rate,last_30_runs,winner,target,first_innings_total,second_innings_total,runs_required,required_run_rate,pressure_index,projected_score,win_probability
335982,2007,1,1,0.1,0,1,0,0,1,0,Powerplay,2008-04-18,M Chinnaswamy Stadium,KOLKATA KNIGHT RIDERS,ROYAL CHALLENGERS BANGALORE,SC Ganguly,P Kumar,,,,0,1,1,0,1,1,0,1,119,10,6.0,6.0,1.0,KOLKATA KNIGHT RIDERS,223.0,222.0,82.0,,,2.0,170.1845099231182,
335982,2007,1,1,0.2,0,0,0,0,0,0,Powerplay,2008-04-18,M Chinnaswamy Stadium,KOLKATA KNIGHT RIDERS,ROYAL CHALLENGERS BANGALORE,BB McCullum,P Kumar,,,,0,2,0,0,1,1,0,2,118,10,3.0,3.0,1.0,KOLKATA KNIGHT RIDERS,223.0,222.0,82.0,,,5.0,164.1713764194228,
335982,2007,1,1,0.3,0,1,1,0,0,0,Powerplay,2008-04-18,M Chinnaswamy Stadium,KOLKATA KNIGHT RIDERS,ROYAL CHALLENGERS BANGALORE,BB McCullum,P Kumar,,,,0,3,1,0,0,2,0,2,118,10,6.0,6.0,2.0,KOLKATA KNIGHT RIDERS,223.0,222.0,82.0,,,2.0,170.03937021725085,
335982,2007,1,1,0.3,0,0,0,0,0,0,Powerplay,2008-04-18,M Chinnaswamy Stadium,KOLKATA KNIGHT RIDERS,ROYAL CHALLENGERS BANGALORE,BB McCullum,P Kumar,,,,0,3,0,0,1,2,0,3,117,10,4.0,4.0,2.0,KOLKATA KNIGHT RIDERS,223.0,222.0,82.0,,,4.0,165.72754562176024,
335982,2007,1,1,0.4,0,0,0,0,0,0,Powerplay,2008-04-18,M Chinnaswamy Stadium,KOLKATA KNIGHT RIDERS,ROYAL CHALLENGERS BANGALORE,BB McCullum,P Kumar,,,,0,4,0,0,1,2,0,4,116,10,3.0,3.0,2.0,KOLKATA KNIGHT RIDERS,223.0,222.0,82.0,,,5.0,163.11702993447443,
335982,2007,1,1,0.5,0,0,0,0,0,0,Powerplay,2008-04-18,M Chinnaswamy Stadium,KOLKATA KNIGHT RIDERS,ROYAL CHALLENGERS BANGALORE,BB McCullum,P Kumar,,,,0,5,0,0,1,2,0,5,115,10,2.4,2.4,2.0,KOLKATA KNIGHT RIDERS,223.0,222.0,82.0,,,5.6,161.18703781047054,
335982,2007,1,1,0.6,0,1,0,0,1,0,Powerplay,2008-04-18,M Chinnaswamy Stadium,KOLKATA KNIGHT RIDERS,ROYAL CHALLENGERS BANGALORE,BB McCullum,P Kumar,,,,0,6,1,0,1,3,0,6,114,10,3.0,3.0,3.0,KOLKATA KNIGHT RIDERS,223.0,222.0,82.0,,,5.0,162.06268344952605,
335982,2007,1,1,1.1,0,0,0,0,0,0,Powerplay,2008-04-18,M Chinnaswamy Stadium,KOLKATA KNIGHT RIDERS,ROYAL CHALLENGERS BANGALORE,BB McCullum,Z Khan,,,,1,1,0,0,1,3,0,7,113,10,2.571428571428572,2.571428571428572,3.0,KOLKATA KNIGHT RIDERS,223.0,222.0,82.0,,,5.428571428571429,160.42434428121442,
335982,2007,1,1,1.2,4,0,0,0,0,0,Powerplay,2008-04-18,M Chinnaswamy Stadium,KOLKATA KNIGHT RIDERS,ROYAL CHALLENGERS BANGALORE,BB McCullum,Z Khan,,,,1,2,4,0,1,7,0,8,112,10,5.25,5.25,7.0,KOLKATA KNIGHT RIDERS,223.0,222.0,82.0,,,2.75,167.12848322767948,
335982,2007,1,1,1.3,4,0,0,0,0,0,Powerplay,2008-04-18,M Chinnaswamy Stadium,KOLKATA KNIGHT RIDERS,ROYAL CHALLENGERS BANGALORE,BB McCullum,Z Khan,,,,1,3,4,0,1,11,0,9,111,10,7.333333333333333,7.333333333333333,11.0,KOLKATA KNIGHT RIDERS,223.0,222.0,82.0,,,0.666666666666667,172.8199383002131,
335982,2007,1,1,1.4,6,0,0,0,0,0,Powerplay,2008-04-18,M Chinnaswamy Stadium,KOLKATA KNIGHT RIDERS,ROYAL CHALLENGERS BANGALORE,BB McCullum,Z Khan,,,,1,4,6,0,1,17,0,10,110,10,10.2,10.2,17.0,KOLKATA KNIGHT RIDERS,223.0,222.0,82.0,,,-2.1999999999999997,181.37221949726782,
335982,2007,1,1,1.5,4,0,0,0,0,0,Powerplay,2008-04-18,M Chinnaswamy Stadium,KOLKATA KNIGHT RIDERS,ROYAL CHALLENGERS BANGALORE,BB McCullum,Z Khan,,,,1,5,4,0,1,21,0,11,109,10,11.454545454545457,11.454545454545457,21.0,KOLKATA KNIGHT RIDERS,223.0,222.0,82.0,,,-3.454545454545455,185.65365036860743,
335982,2007,1,1,1.6,0,0,0,0,0,0,Powerplay,2008-04-18,M Chinnaswamy Stadium,KOLKATA KNIGHT RIDERS,ROYAL CHALLENGERS BANGALORE,BB McCullum,Z Khan,,,,1,6,0,0,1,21,0,12,108,10,10.5,10.5,21.0,KOLKATA KNIGHT RIDERS,223.0,222.0,82.0,,,-2.5,183.12046690442185,
335982,2007,1,1,2.1,0,0,0,0,0,0,Powerplay,2008-04-18,M Chinnaswamy Stadium,KOLKATA KNIGHT RIDERS,ROYAL CHALLENGERS BANGALORE,SC Ganguly,P Kumar,,,,2,1,0,0,1,21,0,13,107,10,9.692307692307692,9.692307692307692,21.0,KOLKATA KNIGHT RIDERS,223.0,222.0,82.0,,,-1.6923076923076916,180.8371260071754,
335982,2007,1,1,2.2,0,0,0,0,0,0,Powerplay,2008-04-18,M Chinnaswamy Stadium,KOLKATA KNIGHT RIDERS,ROYAL CHALLENGERS BANGALORE,SC Ganguly,P Kumar,,,,2,2,0,0,1,21,0,14,106,10,9.0,9.0,21.0,KOLKATA KNIGHT RIDERS,223.0,222.0,82.0,,,-1.0,178.75008998395265,
335982,2007,1,1,2.3,0,1,0,0,1,0,Powerplay,2008-04-18,M Chinnaswamy Stadium,KOLKATA KNIGHT RIDERS,ROYAL CHALLENGERS BANGALORE,SC Ganguly,P Kumar,,,,2,3,1,0,1,22,0,15,105,10,8.8,8.8,22.0,KOLKATA KNIGHT RIDERS,223.0,222.0,82.0,,,-0.8000000000000007,178.2646884964443,
335982,2007,1,1,2.4,4,0,0,0,0,0,Powerplay,2008-04-18,M Chinnaswamy Stadium,KOLKATA KNIGHT RIDERS,ROYAL CHALLENGERS BANGALORE,BB McCullum,P Kumar,,,,2,4,4,0,1,26,0,16,104,10,9.75,9.75,26.0,KOLKATA KNIGHT RIDERS,223.0,222.0,82.0,,,-1.75,182.02799347301251,
335982,2007,1,1,2.5,1,0,0,0,0,0,Powerplay,2008-04-18,M Chinnaswamy Stadium,KOLKATA KNIGHT RIDERS,ROYAL CHALLENGERS BANGALORE,BB McCullum,P Kumar,,,,2,5,1,0,1,27,0,17,103,10,9.529411764705882,9.529411764705882,27.0,KOLKATA KNIGHT RIDERS,223.0,222.0,82.0,,,-1.5294117647058822,181.5075650373941,
335982,2007,1,1,2.6,0,0,0,0,0,0,Powerplay,2008-04-18,M Chinnaswamy Stadium,KOLKATA KNIGHT RIDERS,ROYAL CHALLENGERS BANGALORE,SC Ganguly,P Kumar,,,,2,6,0,0,1,27,0,18,102,10,9.0,9.0,27.0,KOLKATA KNIGHT RIDERS,223.0,222.0,82.0,,,-1.0,179.69766530691055,
335982,2007,1,1,3.1,0,5,5,0,0,0,Powerplay,2008-04-18,M Chinnaswamy Stadium,KOLKATA KNIGHT RIDERS,ROYAL CHALLENGERS BANGALORE,BB McCullum,AA Noffke,,,,3,1,5,0,0,32,0,18,102,10,10.666666666666666,10.666666666666666,32.0,KOLKATA KNIGHT RIDERS,223.0,222.0,82.0,,,-2.666666666666666,186.35351551998684,
335982,2007,1,1,3.1,6,0,0,0,0,0,Powerplay,2008-04-18,M Chinnaswamy Stadium,KOLKATA KNIGHT RIDERS,ROYAL CHALLENGERS BANGALORE,BB McCullum,AA Noffke,,,,3,1,6,0,1,38,0,19,101,10,12.0,12.0,38.0,KOLKATA KNIGHT RIDERS,223.0,222.0,82.0,,,-4.0,192.2971230577942,
335982,2007,1,1,3.2,0,1,0,0,1,0,Powerplay,2008-04-18,M Chinnaswamy Stadium,KOLKATA KNIGHT RIDERS,ROYAL CHALLENGERS BANGALORE,BB McCullum,AA Noffke,,,,3,2,1,0,1,39,0,20,100,10,11.7,11.7,39.0,KOLKATA KNIGHT RIDERS,223.0,222.0,82.0,,,-3.6999999999999993,191.64159067946542,
335982,2007,1,1,3.3,4,0,0,0,0,0,Powerplay,2008-04-18,M Chinnaswamy Stadium,KOLKATA KNIGHT RIDERS,ROYAL CHALLENGERS BANGALORE,SC Ganguly,AA Noffke,,,,3,3,4,0,1,43,0,21,99,10,12.285714285714286,12.285714285714286,43.0,KOLKATA KNIGHT RIDERS,223.0,222.0,82.0,,,-4.285714285714287,194.7851331251876,
335982,2007,1,1,3.4,0,0,0,0,0,0,Powerplay,2008-04-18,M Chinnaswamy Stadium,KOLKATA KNIGHT RIDERS,ROYAL CHALLENGERS BANGALORE,SC Ganguly,AA Noffke,,,,3,4,0,0,1,43,0,22,98,10,11.727272727272728,11.727272727272728,43.0,KOLKATA KNIGHT RIDERS,223.0,222.0,82.0,,,-3.727272727272727,192.92584474801816,
335982,2007,1,1,3.5,1,0,0,0,0,0,Powerplay,2008-04-18,M Chinnaswamy Stadium,KOLKATA KNIGHT RIDERS,ROYAL CHALLENGERS BANGALORE,SC Ganguly,AA Noffke,,,,3,5,1,0,1,44,0,23,97,10,11.478260869565217,11.478260869565217,44.0,KOLKATA KNIGHT RIDERS,223.0,222.0,82.0,,,-3.478260869565217,192.3570589503844,
335982,2007,1,1,3.6,6,0,0,0,0,0,Powerplay,2008-04-18,M Chinnaswamy Stadium,KOLKATA KNIGHT RIDERS,ROYAL CHALLENGERS BANGALORE,BB McCullum,AA Noffke,,,,3,6,6,0,1,50,0,24,96,10,12.5,12.5,50.0,KOLKATA KNIGHT RIDERS,223.0,222.0,82.0,,,-4.5,197.7705484950555,
335982,2007,1,1,4.1,4,0,0,0,0,0,Powerplay,2008-04-18,M Chinnaswamy Stadium,KOLKATA KNIGHT RIDERS,ROYAL CHALLENGERS BANGALORE,SC Ganguly,P Kumar,,,,4,1,4,0,1,54,0,25,95,10,12.96,12.96,54.0,KOLKATA KNIGHT RIDERS,223.0,222.0,82.0,,,-4.960000000000001,200.70021210660335,
335982,2007,1,1,4.2,1,0,0,0,0,0,Powerplay,2008-04-18,M Chinnaswamy Stadium,KOLKATA KNIGHT RIDERS,ROYAL CHALLENGERS BANGALORE,SC Ganguly,P Kumar,,,,4,2,1,0,1,55,0,26,94,10,12.692307692307692,12.692307692307692,55.0,KOLKATA KNIGHT RIDERS,223.0,222.0,82.0,,,-4.692307692307692,200.09964509300116,
335982,2007,1,1,4.3,4,0,0,0,0,0,Powerplay,2008-04-18,M Chinnaswamy Stadium,KOLKATA KNIGHT RIDERS,ROYAL CHALLENGERS BANGALORE,BB McCullum,P Kumar,,,,4,3,4,0,1,59,0,27,93,10,13.11111111111111,13.11111111111111,59.0,KOLKATA KNIGHT RIDERS,223.0,222.0,82.0,,,-5.0,202.67220908999994,
335982,2007,1,1,4.4,0,0,0,0,0,0,Powerplay,2008-04-18,M Chinnaswamy Stadium,KOLKATA KNIGHT RIDERS,ROYAL CHALLENGERS BANGALORE,BB McCullum,P Kumar,,,,4,4,0,0,1,59,0,28,92,10,12.642857142857142,12.642857142857142,59.0,KOLKATA KNIGHT RIDERS,223.0,222.0,82.0,,,-4.642857142857142,201.25336916739795,
335982,2007,1,1,4.5,1,0,0,0,0,0,Powerplay,2008-04-18,M Chinnaswamy Stadium,KOLKATA KNIGHT RIDERS,ROYAL CHALLENGERS BANGALORE,BB McCullum,P Kumar,,,,4,5,1,0,1,60,0,29,91,10,12.413793103448276,12.413793103448276,59.0,KOLKATA KNIGHT RIDERS,223.0,222.0,82.0,,,-4.413793103448276,200.78987588033158,
335982,2007,1,1,4.6,0,0,0,0,0,0,Powerplay,2008-04-18,M Chinnaswamy Stadium,KOLKATA KNIGHT RIDERS,ROYAL CHALLENGERS BANGALORE,SC Ganguly,P Kumar,,,,4,6,0,0,1,60,0,30,90,10,12.0,12.0,59.0,KOLKATA KNIGHT RIDERS,223.0,222.0,82.0,,,-4.0,199.1766792082003,
335982,2007,1,1,5.1,1,0,0,0,0,0,Powerplay,2008-04-18,M Chinnaswamy Stadium,KOLKATA KNIGHT RIDERS,ROYAL CHALLENGERS BANGALORE,BB McCullum,Z Khan,,,,5,1,1,0,1,61,0,31,89,10,11.806451612903226,11.806451612903226,59.0,KOLKATA KNIGHT RIDERS,223.0,222.0,82.0,,,-3.806451612903226,198.77360901679322,
335982,2007,1,1,5.2,0,0,0,0,0,0,Powerplay,2008-04-18,M Chinnaswamy Stadium,KOLKATA KNIGHT RIDERS,ROYAL CHALLENGERS BANGALORE,SC Ganguly,Z Khan,caught,SC Ganguly,JH Kallis,5,2,0,1,1,61,1,32,88,9,11.4375,11.4375,59.0,KOLKATA KNIGHT RIDERS,223.0,222.0,82.0,,,-3.0875,192.08775419959437,
335982,2007,1,1,5.3,0,0,0,0,0,0,Powerplay,2008-04-18,M Chinnaswamy Stadium,KOLKATA KNIGHT RIDERS,ROYAL CHALLENGERS BANGALORE,RT Ponting,Z Khan,,,,5,3,0,0,1,61,1,33,87,9,11.090909090909092,11.090909090909092,59.0,KOLKATA KNIGHT RIDERS,223.0,222.0,82.0,,,-2.740909090909092,190.5888892193742,
335982,2007,1,1,5.4,0,0,0,0,0,0,Powerplay,2008-04-18,M Chinnaswamy Stadium,KOLKATA KNIGHT RIDERS,ROYAL CHALLENGERS BANGALORE,RT Ponting,Z Khan,,,,5,4,0,0,1,61,1,34,86,9,10.764705882352942,10.764705882352942,59.0,KOLKATA KNIGHT RIDERS,223.0,222.0,82.0,,,-2.414705882352942,189.12471001569162,
335982,2007,1,1,5.5,0,0,0,0,0,0,Powerplay,2008-04-18,M Chinnaswamy Stadium,KOLKATA KNIGHT RIDERS,ROYAL CHALLENGERS BANGALORE,RT Ponting,Z Khan,,,,5,5,0,0,1,61,1,35,85,9,10.457142857142856,10.457142857142856,58.0,KOLKATA KNIGHT RIDERS,223.0,222.0,82.0,,,-2.107142857142857,187.76359863158297,
335982,2007,1,1,5.6,0,0,0,0,0,0,Powerplay,2008-04-18,M Chinnaswamy Stadium,KOLKATA KNIGHT RIDERS,ROYAL CHALLENGERS BANGALORE,RT Ponting,Z Khan,,,,5,6,0,0,1,61,1,36,84,9,10.166666666666666,10.166666666666666,58.0,KOLKATA KNIGHT RIDERS,223.0,222.0,82.0,,,-1.816666666666666,186.3602021220234,
335982,2007,1,1,6.1,1,0,0,0,0,0,Middle Overs,2008-04-18,M Chinnaswamy Stadium,KOLKATA KNIGHT RIDERS,ROYAL CHALLENGERS BANGALORE,BB McCullum,AA Noffke,,,,6,1,1,0,1,62,1,37,83,9,10.054054054054054,10.054054054054054,55.0,KOLKATA KNIGHT RIDERS,223.0,222.0,82.0,,,-1.7040540540540543,187.3533517491132,
335982,2007,1,1,6.2,1,0,0,0,0,0,Middle Overs,2008-04-18,M Chinnaswamy Stadium,KOLKATA KNIGHT RIDERS,ROYAL CHALLENGERS BANGALORE,RT Ponting,AA Noffke,,,,6,2,1,0,1,63,1,38,82,9,9.947368421052632,9.947368421052632,52.0,KOLKATA KNIGHT RIDERS,223.0,222.0,82.0,,,-1.5973684210526318,187.31212726382978,
335982,2007,1,1,6.3,1,0,0,0,0,0,Middle Overs,2008-04-18,M Chinnaswamy Stadium,KOLKATA KNIGHT RIDERS,ROYAL CHALLENGERS BANGALORE,BB McCullum,AA Noffke,,,,6,3,1,0,1,64,1,39,81,9,9.846153846153848,9.846153846153848,47.0,KOLKATA KNIGHT RIDERS,223.0,222.0,82.0,,,-1.4961538461538466,187.42292095762707,
335982,2007,1,1,6.4,2,0,0,0,0,0,Middle Overs,2008-04-18,M Chinnaswamy Stadium,KOLKATA KNIGHT RIDERS,ROYAL CHALLENGERS BANGALORE,RT Ponting,AA Noffke,,,,6,4,2,0,1,66,1,40,80,9,9.9,9.9,45.0,KOLKATA KNIGHT RIDERS,223.0,222.0,82.0,,,-1.5500000000000005,188.41887770457114,
335982,2007,1,1,6.5,1,0,0,0,0,0,Middle Overs,2008-04-18,M Chinnaswamy Stadium,KOLKATA KNIGHT RIDERS,ROYAL CHALLENGERS BANGALORE,RT Ponting,AA Noffke,,,,6,5,1,0,1,67,1,41,79,9,9.804878048780488,9.804878048780488,46.0,KOLKATA KNIGHT RIDERS,223.0,222.0,82.0,,,-1.4548780487804875,188.11190617572822,
335982,2007,1,1,6.6,1,0,0,0,0,0,Middle Overs,2008-04-18,M Chinnaswamy Stadium,KOLKATA KNIGHT RIDERS,ROYAL CHALLENGERS BANGALORE,BB McCullum,AA Noffke,,,,6,6,1,0,1,68,1,42,78,9,9.714285714285714,9.714285714285714,47.0,KOLKATA KNIGHT RIDERS,223.0,222.0,82.0,,,-1.3642857142857134,187.81264092416984,
335982,2007,1,1,7.1,0,0,0,0,0,0,Middle Overs,2008-04-18,M Chinnaswamy Stadium,KOLKATA KNIGHT RIDERS,ROYAL CHALLENGERS BANGALORE,BB McCullum,Z Khan,,,,7,1,0,0,1,68,1,43,77,9,9.488372093023257,9.488372093023257,47.0,KOLKATA KNIGHT RIDERS,223.0,222.0,82.0,,,-1.1383720930232566,186.5190852887502,
335982,2007,1,1,7.2,1,0,0,0,0,0,Middle Overs,2008-04-18,M Chinnaswamy Stadium,KOLKATA KNIGHT RIDERS,ROYAL CHALLENGERS BANGALORE,BB McCullum,Z Khan,,,,7,2,1,0,1,69,1,44,76,9,9.409090909090908,9.409090909090908,47.0,KOLKATA KNIGHT RIDERS,223.0,222.0,82.0,,,-1.0590909090909082,186.3104189080024,
335982,2007,1,1,7.3,1,0,0,0,0,0,Middle Overs,2008-04-18,M Chinnaswamy Stadium,KOLKATA KNIGHT RIDERS,ROYAL CHALLENGERS BANGALORE,RT Ponting,Z Khan,,,,7,3,1,0,1,70,1,45,75,9,9.333333333333334,9.333333333333334,44.0,KOLKATA KNIGHT RIDERS,223.0,222.0,82.0,,,-0.983333333333334,186.32181260202142,
335982,2007,1,1,7.4,1,0,0,0,0,0,Middle Overs,2008-04-18,M Chinnaswamy Stadium,KOLKATA KNIGHT RIDERS,ROYAL CHALLENGERS BANGALORE,BB McCullum,Z Khan,,,,7,4,1,0,1,71,1,46,74,9,9.26086956521739,9.26086956521739,44.0,KOLKATA KNIGHT RIDERS,223.0,222.0,82.0,,,-0.9108695652173908,186.124744751533,
335982,2007,1,1,7.5,1,0,0,0,0,0,Middle Overs,2008-04-18,M Chinnaswamy Stadium,KOLKATA KNIGHT RIDERS,ROYAL CHALLENGERS BANGALORE,RT Ponting,Z Khan,,,,7,5,1,0,1,72,1,47,73,9,9.191489361702128,9.191489361702128,45.0,KOLKATA KNIGHT RIDERS,223.0,222.0,82.0,,,-0.8414893617021285,185.86156788737208,
335982,2007,1,1,7.6,1,0,0,0,0,0,Middle Overs,2008-04-18,M Chinnaswamy Stadium,KOLKATA KNIGHT RIDERS,ROYAL CHALLENGERS BANGALORE,BB McCullum,Z Khan,,,,7,6,1,0,1,73,1,48,72,9,9.125,9.125,41.0,KOLKATA KNIGHT RIDERS,223.0,222.0,82.0,,,-0.775,185.96008478612347,
335982,2007,1,1,8.1,0,0,0,0,0,0,Middle Overs,2008-04-18,M Chinnaswamy Stadium,KOLKATA KNIGHT RIDERS,ROYAL CHALLENGERS BANGALORE,BB McCullum,JH Kallis,,,,8,1,0,0,1,73,1,49,71,9,8.938775510204081,8.938775510204081,35.0,KOLKATA KNIGHT RIDERS,223.0,222.0,82.0,,,-0.5887755102040814,185.16218328120686,
335982,2007,1,1,8.2,0,0,0,0,0,0,Middle Overs,2008-04-18,M Chinnaswamy Stadium,KOLKATA KNIGHT RIDERS,ROYAL CHALLENGERS BANGALORE,BB McCullum,JH Kallis,,,,8,2,0,0,1,73,1,50,70,9,8.76,8.76,34.0,KOLKATA KNIGHT RIDERS,223.0,222.0,82.0,,,-0.4099999999999998,184.02017924364347,
335982,2007,1,1,8.3,0,0,0,0,0,0,Middle Overs,2008-04-18,M Chinnaswamy Stadium,KOLKATA KNIGHT RIDERS,ROYAL CHALLENGERS BANGALORE,BB McCullum,JH Kallis,,,,8,3,0,0,1,73,1,51,69,9,8.588235294117647,8.588235294117647,30.0,KOLKATA KNIGHT RIDERS,223.0,222.0,82.0,,,-0.2382352941176467,183.10416807871636,
335982,2007,1,1,8.4,1,0,0,0,0,0,Middle Overs,2008-04-18,M Chinnaswamy Stadium,KOLKATA KNIGHT RIDERS,ROYAL CHALLENGERS BANGALORE,BB McCullum,JH Kallis,,,,8,4,1,0,1,74,1,52,68,9,8.538461538461538,8.538461538461538,31.0,KOLKATA KNIGHT RIDERS,223.0,222.0,82.0,,,-0.1884615384615383,182.87434783895645,
335982,2007,1,1,8.5,1,0,0,0,0,0,Middle Overs,2008-04-18,M Chinnaswamy Stadium,KOLKATA KNIGHT RIDERS,ROYAL CHALLENGERS BANGALORE,RT Ponting,JH Kallis,,,,8,5,1,0,1,75,1,53,67,9,8.49056603773585,8.49056603773585,31.0,KOLKATA KNIGHT RIDERS,223.0,222.0,82.0,,,-0.1405660377358494,182.71907820063825,
335982,2007,1,1,8.6,2,0,0,0,0,0,Middle Overs,2008-04-18,M Chinnaswamy Stadium,KOLKATA KNIGHT RIDERS,ROYAL CHALLENGERS BANGALORE,BB McCullum,JH Kallis,,,,8,6,2,0,1,77,1,54,66,9,8.555555555555555,8.555555555555555,27.0,KOLKATA KNIGHT RIDERS,223.0,222.0,82.0,,,-0.2055555555555553,183.87670347117125,
335982,2007,1,1,9.1,1,0,0,0,0,0,Middle Overs,2008-04-18,M Chinnaswamy Stadium,KOLKATA KNIGHT RIDERS,ROYAL CHALLENGERS BANGALORE,RT Ponting,SB Joshi,,,,9,1,1,0,1,78,1,55,65,9,8.50909090909091,8.50909090909091,24.0,KOLKATA KNIGHT RIDERS,223.0,222.0,82.0,,,-0.1590909090909097,183.93793348674376,
335982,2007,1,1,9.2,1,0,0,0,0,0,Middle Overs,2008-04-18,M Chinnaswamy Stadium,KOLKATA KNIGHT RIDERS,ROYAL CHALLENGERS BANGALORE,BB McCullum,SB Joshi,,,,9,2,1,0,1,79,1,56,64,9,8.464285714285714,8.464285714285714,24.0,KOLKATA KNIGHT RIDERS,223.0,222.0,82.0,,,-0.1142857142857135,183.78792141341717,
335982,2007,1,1,9.3,1,0,0,0,0,0,Middle Overs,2008-04-18,M Chinnaswamy Stadium,KOLKATA KNIGHT RIDERS,ROYAL CHALLENGERS BANGALORE,RT Ponting,SB Joshi,,,,9,3,1,0,1,80,1,57,63,9,8.421052631578947,8.421052631578947,21.0,KOLKATA KNIGHT RIDERS,223.0,222.0,82.0,,,-0.0710526315789469,183.85464931719835,
335982,2007,1,1,9.4,0,0,0,0,0,0,Middle Overs,2008-04-18,M Chinnaswamy Stadium,KOLKATA KNIGHT RIDERS,ROYAL CHALLENGERS BANGALORE,BB McCullum,SB Joshi,,,,9,4,0,0,1,80,1,58,62,9,8.275862068965518,8.275862068965518,21.0,KOLKATA KNIGHT RIDERS,223.0,222.0,82.0,,,0.0741379310344821,182.69842854055585,
335982,2007,1,1,9.5,6,0,0,0,0,0,Middle Overs,2008-04-18,M Chinnaswamy Stadium,KOLKATA KNIGHT RIDERS,ROYAL CHALLENGERS BANGALORE,BB McCullum,SB Joshi,,,,9,5,6,0,1,86,1,59,61,9,8.745762711864407,8.745762711864407,26.0,KOLKATA KNIGHT RIDERS,223.0,222.0,82.0,,,-0.3957627118644066,187.24442546008854,
335982,2007,1,1,9.6,1,0,0,0,0,0,Middle Overs,2008-04-18,M Chinnaswamy Stadium,KOLKATA KNIGHT RIDERS,ROYAL CHALLENGERS BANGALORE,BB McCullum,SB Joshi,,,,9,6,1,0,1,87,1,60,60,9,8.7,8.7,27.0,KOLKATA KNIGHT RIDERS,223.0,222.0,82.0,,,-0.3499999999999993,187.02142924486265,
335982,2007,1,1,10.1,1,0,0,0,0,0,Middle Overs,2008-04-18,M Chinnaswamy Stadium,KOLKATA KNIGHT RIDERS,ROYAL CHALLENGERS BANGALORE,BB McCullum,JH Kallis,,,,10,1,1,0,1,88,1,61,59,9,8.655737704918034,8.655737704918034,27.0,KOLKATA KNIGHT RIDERS,223.0,222.0,82.0,,,-0.3057377049180335,186.87234081167145,
335982,2007,1,1,10.2,4,0,0,0,0,0,Middle Overs,2008-04-18,M Chinnaswamy Stadium,KOLKATA KNIGHT RIDERS,ROYAL CHALLENGERS BANGALORE,RT Ponting,JH Kallis,,,,10,2,4,0,1,92,1,62,58,9,8.903225806451612,8.903225806451612,31.0,KOLKATA KNIGHT RIDERS,223.0,222.0,82.0,,,-0.5532258064516121,189.44045603725885,
335982,2007,1,1,10.3,0,0,0,0,0,0,Middle Overs,2008-04-18,M Chinnaswamy Stadium,KOLKATA KNIGHT RIDERS,ROYAL CHALLENGERS BANGALORE,RT Ponting,JH Kallis,,,,10,3,0,0,1,92,1,63,57,9,8.761904761904763,8.761904761904763,31.0,KOLKATA KNIGHT RIDERS,223.0,222.0,82.0,,,-0.4119047619047628,188.29081850617348,
335982,2007,1,1,10.4,6,0,0,0,0,0,Middle Overs,2008-04-18,M Chinnaswamy Stadium,KOLKATA KNIGHT RIDERS,ROYAL CHALLENGERS BANGALORE,RT Ponting,JH Kallis,,,,10,4,6,0,1,98,1,64,56,9,9.1875,9.1875,37.0,KOLKATA KNIGHT RIDERS,223.0,222.0,82.0,,,-0.8375,192.69008313623542,
335982,2007,1,1,10.5,0,0,0,0,0,0,Middle Overs,2008-04-18,M Chinnaswamy Stadium,KOLKATA KNIGHT RIDERS,ROYAL CHALLENGERS BANGALORE,RT Ponting,JH Kallis,,,,10,5,0,0,1,98,1,65,55,9,9.046153846153846,9.046153846153846,37.0,KOLKATA KNIGHT RIDERS,223.0,222.0,82.0,,,-0.696153846153846,191.54040288647545,
335982,2007,1,1,10.6,0,4,0,0,0,4,Middle Overs,2008-04-18,M Chinnaswamy Stadium,KOLKATA KNIGHT RIDERS,ROYAL CHALLENGERS BANGALORE,RT Ponting,JH Kallis,,,,10,6,4,0,1,102,1,66,54,9,9.272727272727272,9.272727272727272,41.0,KOLKATA KNIGHT RIDERS,223.0,222.0,82.0,,,-0.9227272727272734,194.07293578924094,
335982,2007,1,1,11.1,0,0,0,0,0,0,Middle Overs,2008-04-18,M Chinnaswamy Stadium,KOLKATA KNIGHT RIDERS,ROYAL CHALLENGERS BANGALORE,BB McCullum,SB Joshi,,,,11,1,0,0,1,102,1,67,53,9,9.134328358208956,9.134328358208956,40.0,KOLKATA KNIGHT RIDERS,223.0,222.0,82.0,,,-0.7843283582089559,192.99962481360072,
335982,2007,1,1,11.2,6,0,0,0,0,0,Middle Overs,2008-04-18,M Chinnaswamy Stadium,KOLKATA KNIGHT RIDERS,ROYAL CHALLENGERS BANGALORE,BB McCullum,SB Joshi,,,,11,2,6,0,1,108,1,68,52,9,9.529411764705882,9.529411764705882,45.0,KOLKATA KNIGHT RIDERS,223.0,222.0,82.0,,,-1.1794117647058822,197.4183345023555,
335982,2007,1,1,11.3,2,0,0,0,0,0,Middle Overs,2008-04-18,M Chinnaswamy Stadium,KOLKATA KNIGHT RIDERS,ROYAL CHALLENGERS BANGALORE,BB McCullum,SB Joshi,,,,11,3,2,0,1,110,1,69,51,9,9.565217391304348,9.565217391304348,46.0,KOLKATA KNIGHT RIDERS,223.0,222.0,82.0,,,-1.2152173913043476,198.1695334107943,
335982,2007,1,1,11.4,1,0,0,0,0,0,Middle Overs,2008-04-18,M Chinnaswamy Stadium,KOLKATA KNIGHT RIDERS,ROYAL CHALLENGERS BANGALORE,BB McCullum,SB Joshi,,,,11,4,1,0,1,111,1,70,50,9,9.514285714285714,9.514285714285714,45.0,KOLKATA KNIGHT RIDERS,223.0,222.0,82.0,,,-1.164285714285714,198.0804534082987,
335982,2007,1,1,11.5,0,0,0,0,0,0,Middle Overs,2008-04-18,M Chinnaswamy Stadium,KOLKATA KNIGHT RIDERS,ROYAL CHALLENGERS BANGALORE,RT Ponting,SB Joshi,,,,11,5,0,0,1,111,1,71,49,9,9.380281690140846,9.380281690140846,44.0,KOLKATA KNIGHT RIDERS,223.0,222.0,82.0,,,-1.0302816901408458,197.0146194988014,
335982,2007,1,1,11.6,1,0,0,0,0,0,Middle Overs,2008-04-18,M Chinnaswamy Stadium,KOLKATA KNIGHT RIDERS,ROYAL CHALLENGERS BANGALORE,RT Ponting,SB Joshi,,,,11,6,1,0,1,112,1,72,48,9,9.333333333333334,9.333333333333334,44.0,KOLKATA KNIGHT RIDERS,223.0,222.0,82.0,,,-0.983333333333334,196.86096124486855,
335982,2007,1,1,12.1,0,0,0,0,0,0,Middle Overs,2008-04-18,M Chinnaswamy Stadium,KOLKATA KNIGHT RIDERS,ROYAL CHALLENGERS BANGALORE,RT Ponting,JH Kallis,caught,RT Ponting,P Kumar,12,1,0,1,1,112,2,73,47,8,9.205479452054794,9.205479452054794,44.0,KOLKATA KNIGHT RIDERS,223.0,222.0,82.0,,,-0.505479452054794,190.58528814623074,
335982,2007,1,1,12.2,4,0,0,0,0,0,Middle Overs,2008-04-18,M Chinnaswamy Stadium,KOLKATA KNIGHT RIDERS,ROYAL CHALLENGERS BANGALORE,BB McCullum,JH Kallis,,,,12,2,4,0,1,116,2,74,46,8,9.405405405405403,9.405405405405403,47.0,KOLKATA KNIGHT RIDERS,223.0,222.0,82.0,,,-0.7054054054054053,193.1438405750178,
335982,2007,1,1,12.3,0,0,0,0,0,0,Middle Overs,2008-04-18,M Chinnaswamy Stadium,KOLKATA KNIGHT RIDERS,ROYAL CHALLENGERS BANGALORE,BB McCullum,JH Kallis,,,,12,3,0,0,1,116,2,75,45,8,9.28,9.28,46.0,KOLKATA KNIGHT RIDERS,223.0,222.0,82.0,,,-0.5799999999999994,192.0926355721802,
335982,2007,1,1,12.4,2,0,0,0,0,0,Middle Overs,2008-04-18,M Chinnaswamy Stadium,KOLKATA KNIGHT RIDERS,ROYAL CHALLENGERS BANGALORE,BB McCullum,JH Kallis,,,,12,4,2,0,1,118,2,76,44,8,9.31578947368421,9.31578947368421,47.0,KOLKATA KNIGHT RIDERS,223.0,222.0,82.0,,,-0.6157894736842107,192.84380699952212,
335982,2007,1,1,12.5,0,1,1,0,0,0,Middle Overs,2008-04-18,M Chinnaswamy Stadium,KOLKATA KNIGHT RIDERS,ROYAL CHALLENGERS BANGALORE,BB McCullum,JH Kallis,,,,12,5,1,0,0,119,2,76,44,8,9.394736842105264,9.394736842105264,47.0,KOLKATA KNIGHT RIDERS,223.0,222.0,82.0,,,-0.6947368421052638,193.8135430435065,
335982,2007,1,1,12.5,4,0,0,0,0,0,Middle Overs,2008-04-18,M Chinnaswamy Stadium,KOLKATA KNIGHT RIDERS,ROYAL CHALLENGERS BANGALORE,BB McCullum,JH Kallis,,,,12,5,4,0,1,123,2,77,43,8,9.584415584415584,9.584415584415584,50.0,KOLKATA KNIGHT RIDERS,223.0,222.0,82.0,,,-0.8844155844155843,196.35466180086647,
335982,2007,1,1,12.6,1,0,0,0,0,0,Middle Overs,2008-04-18,M Chinnaswamy Stadium,KOLKATA KNIGHT RIDERS,ROYAL CHALLENGERS BANGALORE,BB McCullum,JH Kallis,,,,12,6,1,0,1,124,2,78,42,8,9.538461538461538,9.538461538461538,51.0,KOLKATA KNIGHT RIDERS,223.0,222.0,82.0,,,-0.8384615384615384,196.13134006724945,
335982,2007,1,1,13.1,1,0,0,0,0,0,Middle Overs,2008-04-18,M Chinnaswamy Stadium,KOLKATA KNIGHT RIDERS,ROYAL CHALLENGERS BANGALORE,BB McCullum,SB Joshi,,,,13,1,1,0,1,125,2,79,41,8,9.49367088607595,9.49367088607595,52.0,KOLKATA KNIGHT RIDERS,223.0,222.0,82.0,,,-0.7936708860759503,195.9099976254742,
335982,2007,1,1,13.2,0,0,0,0,0,0,Middle Overs,2008-04-18,M Chinnaswamy Stadium,KOLKATA KNIGHT RIDERS,ROYAL CHALLENGERS BANGALORE,DJ Hussey,SB Joshi,,,,13,2,0,0,1,125,2,80,40,8,9.375,9.375,52.0,KOLKATA KNIGHT RIDERS,223.0,222.0,82.0,,,-0.675,194.7988950107676,
335982,2007,1,1,13.3,1,0,0,0,0,0,Middle Overs,2008-04-18,M Chinnaswamy Stadium,KOLKATA KNIGHT RIDERS,ROYAL CHALLENGERS BANGALORE,DJ Hussey,SB Joshi,,,,13,3,1,0,1,126,2,81,39,8,9.333333333333334,9.333333333333334,52.0,KOLKATA KNIGHT RIDERS,223.0,222.0,82.0,,,-0.633333333333334,194.65422254332174,
335982,2007,1,1,13.4,1,0,0,0,0,0,Middle Overs,2008-04-18,M Chinnaswamy Stadium,KOLKATA KNIGHT RIDERS,ROYAL CHALLENGERS BANGALORE,BB McCullum,SB Joshi,,,,13,4,1,0,1,127,2,82,38,8,9.292682926829269,9.292682926829269,52.0,KOLKATA KNIGHT RIDERS,223.0,222.0,82.0,,,-0.5926829268292686,194.51127904834354,
335982,2007,1,1,13.5,1,0,0,0,0,0,Middle Overs,2008-04-18,M Chinnaswamy Stadium,KOLKATA KNIGHT RIDERS,ROYAL CHALLENGERS BANGALORE,DJ Hussey,SB Joshi,,,,13,5,1,0,1,128,2,83,37,8,9.25301204819277,9.25301204819277,51.0,KOLKATA KNIGHT RIDERS,223.0,222.0,82.0,,,-0.5530120481927707,194.44135714244896,
335982,2007,1,1,13.6,2,0,0,0,0,0,Middle Overs,2008-04-18,M Chinnaswamy Stadium,KOLKATA KNIGHT RIDERS,ROYAL CHALLENGERS BANGALORE,BB McCullum,SB Joshi,,,,13,6,2,0,1,130,2,84,36,8,9.285714285714286,9.285714285714286,52.0,KOLKATA KNIGHT RIDERS,223.0,222.0,82.0,,,-0.5857142857142865,195.18727622740556,
335982,2007,1,1,14.1,4,0,0,0,0,0,Middle Overs,2008-04-18,M Chinnaswamy Stadium,KOLKATA KNIGHT RIDERS,ROYAL CHALLENGERS BANGALORE,DJ Hussey,CL White,,,,14,1,4,0,1,134,2,85,35,8,9.458823529411765,9.458823529411765,55.0,KOLKATA KNIGHT RIDERS,223.0,222.0,82.0,,,-0.7588235294117649,197.70020514917098,
335982,2007,1,1,14.2,1,0,0,0,0,0,Middle Overs,2008-04-18,M Chinnaswamy Stadium,KOLKATA KNIGHT RIDERS,ROYAL CHALLENGERS BANGALORE,DJ Hussey,CL White,,,,14,2,1,0,1,135,2,86,34,8,9.418604651162791,9.418604651162791,55.0,KOLKATA KNIGHT RIDERS,223.0,222.0,82.0,,,-0.7186046511627915,197.55799581705733,
335982,2007,1,1,14.3,6,0,0,0,0,0,Middle Overs,2008-04-18,M Chinnaswamy Stadium,KOLKATA KNIGHT RIDERS,ROYAL CHALLENGERS BANGALORE,BB McCullum,CL White,,,,14,3,6,0,1,141,2,87,33,8,9.724137931034482,9.724137931034482,61.0,KOLKATA KNIGHT RIDERS,223.0,222.0,82.0,,,-1.0241379310344825,201.75299796805703,
335982,2007,1,1,14.4,4,0,0,0,0,0,Middle Overs,2008-04-18,M Chinnaswamy Stadium,KOLKATA KNIGHT RIDERS,ROYAL CHALLENGERS BANGALORE,BB McCullum,CL White,,,,14,4,4,0,1,145,2,88,32,8,9.886363636363637,9.886363636363637,59.0,KOLKATA KNIGHT RIDERS,223.0,222.0,82.0,,,-1.1863636363636367,204.6041861770271,
335982,2007,1,1,14.5,0,2,2,0,0,0,Middle Overs,2008-04-18,M Chinnaswamy Stadium,KOLKATA KNIGHT RIDERS,ROYAL CHALLENGERS BANGALORE,BB McCullum,CL White,,,,14,5,2,0,0,147,2,88,32,8,10.022727272727272,10.022727272727272,60.0,KOLKATA KNIGHT RIDERS,223.0,222.0,82.0,,,-1.3227272727272734,206.43567210235173,
335982,2007,1,1,14.5,1,0,0,0,0,0,Middle Overs,2008-04-18,M Chinnaswamy Stadium,KOLKATA KNIGHT RIDERS,ROYAL CHALLENGERS BANGALORE,DJ Hussey,CL White,,,,14,5,1,0,1,148,2,89,31,8,9.97752808988764,9.97752808988764,60.0,KOLKATA KNIGHT RIDERS,223.0,222.0,82.0,,,-1.27752808988764,206.28498973367243,
335982,2007,1,1,14.6,6,0,0,0,0,0,Middle Overs,2008-04-18,M Chinnaswamy Stadium,KOLKATA KNIGHT RIDERS,ROYAL CHALLENGERS BANGALORE,BB McCullum,CL White,,,,14,6,6,0,1,154,2,90,30,8,10.266666666666667,10.266666666666667,62.0,KOLKATA KNIGHT RIDERS,223.0,222.0,82.0,,,-1.5666666666666675,210.73751986863994,
335982,2007,1,1,15.1,0,0,0,0,0,0,Death Overs,2008-04-18,M Chinnaswamy Stadium,KOLKATA KNIGHT RIDERS,ROYAL CHALLENGERS BANGALORE,DJ Hussey,AA Noffke,,,,15,1,0,0,1,154,2,91,29,8,10.153846153846152,10.153846153846152,62.0,KOLKATA KNIGHT RIDERS,223.0,222.0,82.0,,,-1.4538461538461531,208.27002344823086,
335982,2007,1,1,15.2,1,0,0,0,0,0,Death Overs,2008-04-18,M Chinnaswamy Stadium,KOLKATA KNIGHT RIDERS,ROYAL CHALLENGERS BANGALORE,DJ Hussey,AA Noffke,,,,15,2,1,0,1,155,2,92,28,8,10.108695652173912,10.108695652173912,57.0,KOLKATA KNIGHT RIDERS,223.0,222.0,82.0,,,-1.4086956521739122,208.47619944923872,
335982,2007,1,1,15.3,2,0,0,0,0,0,Death Overs,2008-04-18,M Chinnaswamy Stadium,KOLKATA KNIGHT RIDERS,ROYAL CHALLENGERS BANGALORE,BB McCullum,AA Noffke,,,,15,3,2,0,1,157,2,93,27,8,10.129032258064516,10.129032258064516,59.0,KOLKATA KNIGHT RIDERS,223.0,222.0,82.0,,,-1.429032258064516,209.12972566534935,
335982,2007,1,1,15.4,0,0,0,0,0,0,Death Overs,2008-04-18,M Chinnaswamy Stadium,KOLKATA KNIGHT RIDERS,ROYAL CHALLENGERS BANGALORE,BB McCullum,AA Noffke,,,,15,4,0,0,1,157,2,94,26,8,10.02127659574468,10.02127659574468,55.0,KOLKATA KNIGHT RIDERS,223.0,222.0,82.0,,,-1.3212765957446806,208.32261365644084,
335982,2007,1,1,15.5,1,0,0,0,0,0,Death Overs,2008-04-18,M Chinnaswamy Stadium,KOLKATA KNIGHT RIDERS,ROYAL CHALLENGERS BANGALORE,BB McCullum,AA Noffke,,,,15,5,1,0,1,158,2,95,25,8,9.978947368421052,9.978947368421052,56.0,KOLKATA KNIGHT RIDERS,223.0,222.0,82.0,,,-1.2789473684210535,208.10545885905037,
335982,2007,1,1,15.6,0,0,0,0,0,0,Death Overs,2008-04-18,M Chinnaswamy Stadium,KOLKATA KNIGHT RIDERS,ROYAL CHALLENGERS BANGALORE,DJ Hussey,AA Noffke,,,,15,6,0,0,1,158,2,96,24,8,9.875,9.875,50.0,KOLKATA KNIGHT RIDERS,223.0,222.0,82.0,,,-1.175,207.44753615367028,
335982,2007,1,1,16.1,1,0,0,0,0,0,Death Overs,2008-04-18,M Chinnaswamy Stadium,KOLKATA KNIGHT RIDERS,ROYAL CHALLENGERS BANGALORE,BB McCullum,Z Khan,,,,16,1,1,0,1,159,2,97,23,8,9.835051546391751,9.835051546391751,49.0,KOLKATA KNIGHT RIDERS,223.0,222.0,82.0,,,-1.1350515463917532,207.37714200700356,
335982,2007,1,1,16.2,2,0,0,0,0,0,Death Overs,2008-04-18,M Chinnaswamy Stadium,KOLKATA KNIGHT RIDERS,ROYAL CHALLENGERS BANGALORE,DJ Hussey,Z Khan,,,,16,2,2,0,1,161,2,98,22,8,9.857142857142858,9.857142857142858,50.0,KOLKATA KNIGHT RIDERS,223.0,222.0,82.0,,,-1.1571428571428577,208.10500862772133,
335982,2007,1,1,16.3,1,0,0,0,0,0,Death Overs,2008-04-18,M Chinnaswamy Stadium,KOLKATA KNIGHT RIDERS,ROYAL CHALLENGERS BANGALORE,DJ Hussey,Z Khan,,,,16,3,1,0,1,162,2,99,21,8,9.818181818181818,9.818181818181818,51.0,KOLKATA KNIGHT RIDERS,223.0,222.0,82.0,,,-1.1181818181818184,207.89358415919665,
335982,2007,1,1,16.4,6,0,0,0,0,0,Death Overs,2008-04-18,M Chinnaswamy Stadium,KOLKATA KNIGHT RIDERS,ROYAL CHALLENGERS BANGALORE,BB McCullum,Z Khan,,,,16,4,6,0,1,168,2,100,20,8,10.08,10.08,56.0,KOLKATA KNIGHT RIDERS,223.0,222.0,82.0,,,-1.38,212.08556853405156,
335982,2007,1,1,16.5,2,0,0,0,0,0,Death Overs,2008-04-18,M Chinnaswamy Stadium,KOLKATA KNIGHT RIDERS,ROYAL CHALLENGERS BANGALORE,BB McCullum,Z Khan,,,,16,5,2,0,1,170,2,101,19,8,10.0990099009901,10.0990099009901,58.0,KOLKATA KNIGHT RIDERS,223.0,222.0,82.0,,,-1.3990099009900991,212.7368376152964,
335982,2007,1,1,16.6,2,0,0,0,0,0,Death Overs,2008-04-18,M Chinnaswamy Stadium,KOLKATA KNIGHT RIDERS,ROYAL CHALLENGERS BANGALORE,BB McCullum,Z Khan,,,,16,6,2,0,1,172,2,102,18,8,10.117647058823527,10.117647058823527,56.0,KOLKATA KNIGHT RIDERS,223.0,222.0,82.0,,,-1.417647058823529,213.6728929836751,
335982,2007,1,1,17.1,0,0,0,0,0,0,Death Overs,2008-04-18,M Chinnaswamy Stadium,KOLKATA KNIGHT RIDERS,ROYAL CHALLENGERS BANGALORE,DJ Hussey,AA Noffke,caught,DJ Hussey,CL White,17,1,0,1,1,172,3,103,17,7,10.019417475728156,10.019417475728156,56.0,KOLKATA KNIGHT RIDERS,223.0,222.0,82.0,,,-0.9694174757281564,207.44761996743563,
335982,2007,1,1,17.2,1,0,0,0,0,0,Death Overs,2008-04-18,M Chinnaswamy Stadium,KOLKATA KNIGHT RIDERS,ROYAL CHALLENGERS BANGALORE,BB McCullum,AA Noffke,,,,17,2,1,0,1,173,3,104,16,7,9.98076923076923,9.98076923076923,55.0,KOLKATA KNIGHT RIDERS,223.0,222.0,82.0,,,-0.93076923076923,207.37943787732655,
335982,2007,1,1,17.3,0,0,0,0,0,0,Death Overs,2008-04-18,M Chinnaswamy Stadium,KOLKATA KNIGHT RIDERS,ROYAL CHALLENGERS BANGALORE,Mohammad Hafeez,AA Noffke,,,,17,3,0,0,1,173,3,105,15,7,9.885714285714286,9.885714285714286,54.0,KOLKATA KNIGHT RIDERS,223.0,222.0,82.0,,,-0.8357142857142863,206.3798683830513,
335982,2007,1,1,17.4,1,0,0,0,0,0,Death Overs,2008-04-18,M Chinnaswamy Stadium,KOLKATA KNIGHT RIDERS,ROYAL CHALLENGERS BANGALORE,Mohammad Hafeez,AA Noffke,,,,17,4,1,0,1,174,3,106,14,7,9.849056603773583,9.849056603773583,51.0,KOLKATA KNIGHT RIDERS,223.0,222.0,82.0,,,-0.7990566037735851,206.45778307473083,
335982,2007,1,1,17.5,4,0,0,0,0,0,Death Overs,2008-04-18,M Chinnaswamy Stadium,KOLKATA KNIGHT RIDERS,ROYAL CHALLENGERS BANGALORE,BB McCullum,AA Noffke,,,,17,5,4,0,1,178,3,107,13,7,9.981308411214954,9.981308411214954,54.0,KOLKATA KNIGHT RIDERS,223.0,222.0,82.0,,,-0.931308411214954,208.90120087622734,
335982,2007,1,1,17.6,1,0,0,0,0,0,Death Overs,2008-04-18,M Chinnaswamy Stadium,KOLKATA KNIGHT RIDERS,ROYAL CHALLENGERS BANGALORE,BB McCullum,AA Noffke,,,,17,6,1,0,1,179,3,108,12,7,9.944444444444445,9.944444444444445,54.0,KOLKATA KNIGHT RIDERS,223.0,222.0,82.0,,,-0.8944444444444448,208.76469928489826,
335982,2007,1,1,18.1,6,0,0,0,0,0,Death Overs,2008-04-18,M Chinnaswamy Stadium,KOLKATA KNIGHT RIDERS,ROYAL CHALLENGERS BANGALORE,BB McCullum,JH Kallis,,,,18,1,6,0,1,185,3,109,11,7,10.18348623853211,10.18348623853211,60.0,KOLKATA KNIGHT RIDERS,223.0,222.0,82.0,,,-1.13348623853211,212.8465788788138,
335982,2007,1,1,18.2,0,0,0,0,0,0,Death Overs,2008-04-18,M Chinnaswamy Stadium,KOLKATA KNIGHT RIDERS,ROYAL CHALLENGERS BANGALORE,BB McCullum,JH Kallis,,,,18,2,0,0,1,185,3,110,10,7,10.090909090909092,10.090909090909092,59.0,KOLKATA KNIGHT RIDERS,223.0,222.0,82.0,,,-1.040909090909092,211.85122488338223,
335982,2007,1,1,18.3,6,0,0,0,0,0,Death Overs,2008-04-18,M Chinnaswamy Stadium,KOLKATA KNIGHT RIDERS,ROYAL CHALLENGERS BANGALORE,BB McCullum,JH Kallis,,,,18,3,6,0,1,191,3,111,9,7,10.324324324324325,10.324324324324325,64.0,KOLKATA KNIGHT RIDERS,223.0,222.0,82.0,,,-1.2743243243243247,215.99488706909992,
335982,2007,1,1,18.4,4,0,0,0,0,0,Death Overs,2008-04-18,M Chinnaswamy Stadium,KOLKATA KNIGHT RIDERS,ROYAL CHALLENGERS BANGALORE,BB McCullum,JH Kallis,,,,18,4,4,0,1,195,3,112,8,7,10.446428571428571,10.446428571428571,67.0,KOLKATA KNIGHT RIDERS,223.0,222.0,82.0,,,-1.3964285714285714,218.42104073579833,
335982,2007,1,1,18.5,1,0,0,0,0,0,Death Overs,2008-04-18,M Chinnaswamy Stadium,KOLKATA KNIGHT RIDERS,ROYAL CHALLENGERS BANGALORE,BB McCullum,JH Kallis,,,,18,5,1,0,1,196,3,113,7,7,10.4070796460177,10.4070796460177,66.0,KOLKATA KNIGHT RIDERS,223.0,222.0,82.0,,,-1.3570796460176997,218.35166657179454,
335982,2007,1,1,18.6,4,0,0,0,0,0,Death Overs,2008-04-18,M Chinnaswamy Stadium,KOLKATA KNIGHT RIDERS,ROYAL CHALLENGERS BANGALORE,Mohammad Hafeez,JH Kallis,,,,18,6,4,0,1,200,3,114,6,7,10.526315789473683,10.526315789473683,66.0,KOLKATA KNIGHT RIDERS,223.0,222.0,82.0,,,-1.4763157894736851,220.98700603699658,
335982,2007,1,1,19.1,6,0,0,0,0,0,Death Overs,2008-04-18,M Chinnaswamy Stadium,KOLKATA KNIGHT RIDERS,ROYAL CHALLENGERS BANGALORE,BB McCullum,P Kumar,,,,19,1,6,0,1,206,3,115,5,7,10.747826086956522,10.747826086956522,71.0,KOLKATA KNIGHT RIDERS,223.0,222.0,82.0,,,-1.697826086956522,225.11041424916087,
335982,2007,1,1,19.2,6,0,0,0,0,0,Death Overs,2008-04-18,M Chinnaswamy Stadium,KOLKATA KNIGHT RIDERS,ROYAL CHALLENGERS BANGALORE,BB McCullum,P Kumar,,,,19,2,6,0,1,212,3,116,4,7,10.96551724137931,10.96551724137931,71.0,KOLKATA KNIGHT RIDERS,223.0,222.0,82.0,,,-1.9155172413793096,229.58410046719882,
335982,2007,1,1,19.3,2,0,0,0,0,0,Death Overs,2008-04-18,M Chinnaswamy Stadium,KOLKATA KNIGHT RIDERS,ROYAL CHALLENGERS BANGALORE,BB McCullum,P Kumar,,,,19,3,2,0,1,214,3,117,3,7,10.974358974358974,10.974358974358974,69.0,KOLKATA KNIGHT RIDERS,223.0,222.0,82.0,,,-1.9243589743589744,230.50349079201413,
335982,2007,1,1,19.4,0,0,0,0,0,0,Death Overs,2008-04-18,M Chinnaswamy Stadium,KOLKATA KNIGHT RIDERS,ROYAL CHALLENGERS BANGALORE,BB McCullum,P Kumar,,,,19,4,0,0,1,214,3,118,2,7,10.88135593220339,10.88135593220339,67.0,KOLKATA KNIGHT RIDERS,223.0,222.0,82.0,,,-1.8313559322033892,229.57876732801702,
335982,2007,1,1,19.5,2,0,0,0,0,0,Death Overs,2008-04-18,M Chinnaswamy Stadium,KOLKATA KNIGHT RIDERS,ROYAL CHALLENGERS BANGALORE,BB McCullum,P Kumar,,,,19,5,2,0,1,216,3,119,1,7,10.890756302521009,10.890756302521009,68.0,KOLKATA KNIGHT RIDERS,223.0,222.0,82.0,,,-1.840756302521009,230.2850427387218,
335982,2007,1,1,19.6,6,0,0,0,0,0,Death Overs,2008-04-18,M Chinnaswamy Stadium,KOLKATA KNIGHT RIDERS,ROYAL CHALLENGERS BANGALORE,BB McCullum,P Kumar,,,,19,6,6,0,1,222,3,120,0,7,11.1,11.1,68.0,KOLKATA KNIGHT RIDERS,223.0,222.0,82.0,,,-2.05,234.7443572230096,
335982,2007,1,2,0.1,1,0,0,0,0,0,Powerplay,2008-04-18,M Chinnaswamy Stadium,ROYAL CHALLENGERS BANGALORE,KOLKATA KNIGHT RIDERS,R Dravid,AB Dinda,,,,0,1,1,0,1,1,0,1,119,10,6.0,6.0,1.0,KOLKATA KNIGHT RIDERS,223.0,222.0,82.0,222.0,11.193277310924367,5.193277310924369,135.34434509277344,15.10228862365087
335982,2007,1,2,0.2,0,1,1,0,0,0,Powerplay,2008-04-18,M Chinnaswamy Stadium,ROYAL CHALLENGERS BANGALORE,KOLKATA KNIGHT RIDERS,W Jaffer,AB Dinda,,,,0,2,1,0,0,2,0,1,119,10,12.0,12.0,2.0,KOLKATA KNIGHT RIDERS,223.0,222.0,82.0,221.0,11.142857142857142,-0.8571428571428577,145.23300170898438,21.31669372320175
335982,2007,1,2,0.2,0,0,0,0,0,0,Powerplay,2008-04-18,M Chinnaswamy Stadium,ROYAL CHALLENGERS BANGALORE,KOLKATA KNIGHT RIDERS,W Jaffer,AB Dinda,,,,0,2,0,0,1,2,0,2,118,10,6.0,6.0,2.0,KOLKATA KNIGHT RIDERS,223.0,222.0,82.0,221.0,11.23728813559322,5.23728813559322,135.34434509277344,14.021382729212442
335982,2007,1,2,0.3,1,0,0,0,0,0,Powerplay,2008-04-18,M Chinnaswamy Stadium,ROYAL CHALLENGERS BANGALORE,KOLKATA KNIGHT RIDERS,W Jaffer,AB Dinda,,,,0,3,1,0,1,3,0,3,117,10,6.0,6.0,3.0,KOLKATA KNIGHT RIDERS,223.0,222.0,82.0,220.0,11.282051282051285,5.282051282051283,135.34434509277344,13.231571515401205
335982,2007,1,2,0.4,1,0,0,0,0,0,Powerplay,2008-04-18,M Chinnaswamy Stadium,ROYAL CHALLENGERS BANGALORE,KOLKATA KNIGHT RIDERS,R Dravid,AB Dinda,,,,0,4,1,0,1,4,0,4,116,10,6.0,6.0,4.0,KOLKATA KNIGHT RIDERS,223.0,222.0,82.0,219.0,11.327586206896552,5.327586206896552,135.34434509277344,13.231571515401205
335982,2007,1,2,0.5,0,0,0,0,0,0,Powerplay,2008-04-18,M Chinnaswamy Stadium,ROYAL CHALLENGERS BANGALORE,KOLKATA KNIGHT RIDERS,W Jaffer,AB Dinda,,,,0,5,0,0,1,4,0,5,115,10,4.8,4.8,4.0,KOLKATA KNIGHT RIDERS,223.0,222.0,82.0,219.0,11.42608695652174,6.62608695652174,135.34434509277344,13.588074098030726
335982,2007,1,2,0.6,0,0,0,0,0,0,Powerplay,2008-04-18,M Chinnaswamy Stadium,ROYAL CHALLENGERS BANGALORE,KOLKATA KNIGHT RIDERS,W Jaffer,AB Dinda,,,,0,6,0,0,1,4,0,6,114,10,4.0,4.0,4.0,KOLKATA KNIGHT RIDERS,223.0,222.0,82.0,219.0,11.526315789473683,7.526315789473685,135.34434509277344,13.588074098030726
335982,2007,1,2,1.1,0,0,0,0,0,0,Powerplay,2008-04-18,M Chinnaswamy Stadium,ROYAL CHALLENGERS BANGALORE,KOLKATA KNIGHT RIDERS,R Dravid,I Sharma,bowled,R Dravid,,1,1,0,1,1,4,1,7,113,9,3.4285714285714284,3.4285714285714284,4.0,KOLKATA KNIGHT RIDERS,223.0,222.0,82.0,219.0,11.628318584070795,8.699747155499368,125.9139633178711,10.039405524730682
335982,2007,1,2,1.2,0,0,0,0,0,0,Powerplay,2008-04-18,M Chinnaswamy Stadium,ROYAL CHALLENGERS BANGALORE,KOLKATA KNIGHT RIDERS,V Kohli,I Sharma,,,,1,2,0,0,1,4,1,8,112,9,3.0,3.0,4.0,KOLKATA KNIGHT RIDERS,223.0,222.0,82.0,219.0,11.732142857142858,9.232142857142858,122.60702514648438,10.039405524730682
335982,2007,1,2,1.3,0,4,0,0,4,0,Powerplay,2008-04-18,M Chinnaswamy Stadium,ROYAL CHALLENGERS BANGALORE,KOLKATA KNIGHT RIDERS,V Kohli,I Sharma,,,,1,3,4,0,1,8,1,9,111,9,5.333333333333333,5.333333333333333,8.0,KOLKATA KNIGHT RIDERS,223.0,222.0,82.0,215.0,11.62162162162162,6.788288288288288,126.22217559814453,11.466845870018005
335982,2007,1,2,1.4,1,0,0,0,0,0,Powerplay,2008-04-18,M Chinnaswamy Stadium,ROYAL CHALLENGERS BANGALORE,KOLKATA KNIGHT RIDERS,V Kohli,I Sharma,,,,1,4,1,0,1,9,1,10,110,9,5.4,5.4,9.0,KOLKATA KNIGHT RIDERS,223.0,222.0,82.0,214.0,11.672727272727272,6.772727272727272,126.44104766845703,10.961614300807316
335982,2007,1,2,1.5,0,0,0,0,0,0,Powerplay,2008-04-18,M Chinnaswamy Stadium,ROYAL CHALLENGERS BANGALORE,KOLKATA KNIGHT RIDERS,W Jaffer,I Sharma,,,,1,5,0,0,1,9,1,11,109,9,4.909090909090909,4.909090909090909,9.0,KOLKATA KNIGHT RIDERS,223.0,222.0,82.0,214.0,11.779816513761467,7.370725604670558,126.43167114257812,10.961614300807316
335982,2007,1,2,1.6,0,0,0,0,0,0,Powerplay,2008-04-18,M Chinnaswamy Stadium,ROYAL CHALLENGERS BANGALORE,KOLKATA KNIGHT RIDERS,W Jaffer,I Sharma,,,,1,6,0,0,1,9,1,12,108,9,4.5,4.5,9.0,KOLKATA KNIGHT RIDERS,223.0,222.0,82.0,214.0,11.88888888888889,7.888888888888889,126.43167114257812,11.700931439797085
335982,2007,1,2,2.1,0,0,0,0,0,0,Powerplay,2008-04-18,M Chinnaswamy Stadium,ROYAL CHALLENGERS BANGALORE,KOLKATA KNIGHT RIDERS,V Kohli,AB Dinda,,,,2,1,0,0,1,9,1,13,107,9,4.153846153846154,4.153846153846154,9.0,KOLKATA KNIGHT RIDERS,223.0,222.0,82.0,214.0,12.0,8.346153846153847,126.30604553222656,10.961614300807316
335982,2007,1,2,2.2,0,0,0,0,0,0,Powerplay,2008-04-18,M Chinnaswamy Stadium,ROYAL CHALLENGERS BANGALORE,KOLKATA KNIGHT RIDERS,V Kohli,AB Dinda,bowled,V Kohli,,2,2,0,1,1,9,2,14,106,8,3.857142857142857,3.857142857142857,9.0,KOLKATA KNIGHT RIDERS,223.0,222.0,82.0,214.0,12.11320754716981,9.256064690026951,110.17008972167969,9.75194772084554
335982,2007,1,2,2.3,1,0,0,0,0,0,Powerplay,2008-04-18,M Chinnaswamy Stadium,ROYAL CHALLENGERS BANGALORE,KOLKATA KNIGHT RIDERS,JH Kallis,AB Dinda,,,,2,3,1,0,1,10,2,15,105,8,4.0,4.0,10.0,KOLKATA KNIGHT RIDERS,223.0,222.0,82.0,213.0,12.17142857142857,9.17142857142857,110.17008972167969,9.75194772084554
335982,2007,1,2,2.4,0,0,0,0,0,0,Powerplay,2008-04-18,M Chinnaswamy Stadium,ROYAL CHALLENGERS BANGALORE,KOLKATA KNIGHT RIDERS,W Jaffer,AB Dinda,,,,2,4,0,0,1,10,2,16,104,8,3.75,3.75,10.0,KOLKATA KNIGHT RIDERS,223.0,222.0,82.0,213.0,12.288461538461538,9.538461538461538,110.17008972167969,9.75194772084554
335982,2007,1,2,2.5,0,1,1,0,0,0,Powerplay,2008-04-18,M Chinnaswamy Stadium,ROYAL CHALLENGERS BANGALORE,KOLKATA KNIGHT RIDERS,W Jaffer,AB Dinda,,,,2,5,1,0,0,11,2,16,104,8,4.125,4.125,11.0,KOLKATA KNIGHT RIDERS,223.0,222.0,82.0,212.0,12.23076923076923,9.10576923076923,114.37303924560547,9.75194772084554
335982,2007,1,2,2.5,0,0,0,0,0,0,Powerplay,2008-04-18,M Chinnaswamy Stadium,ROYAL CHALLENGERS BANGALORE,KOLKATA KNIGHT RIDERS,W Jaffer,AB Dinda,,,,2,5,0,0,1,11,2,17,103,8,3.882352941176471,3.882352941176471,11.0,KOLKATA KNIGHT RIDERS,223.0,222.0,82.0,212.0,12.349514563106796,9.467161621930323,110.35356903076172,9.75194772084554
335982,2007,1,2,2.6,1,0,0,0,0,0,Powerplay,2008-04-18,M Chinnaswamy Stadium,ROYAL CHALLENGERS BANGALORE,KOLKATA KNIGHT RIDERS,W Jaffer,AB Dinda,,,,2,6,1,0,1,12,2,18,102,8,4.0,4.0,12.0,KOLKATA KNIGHT RIDERS,223.0,222.0,82.0,211.0,12.411764705882351,9.411764705882351,111.23896789550781,9.75194772084554
335982,2007,1,2,3.1,2,0,0,0,0,0,Powerplay,2008-04-18,M Chinnaswamy Stadium,ROYAL CHALLENGERS BANGALORE,KOLKATA KNIGHT RIDERS,W Jaffer,I Sharma,,,,3,1,2,0,1,14,2,19,101,8,4.421052631578948,4.421052631578948,14.0,KOLKATA KNIGHT RIDERS,223.0,222.0,82.0,209.0,12.415841584158416,8.99478895257947,114.25001525878906,10.039405524730682
335982,2007,1,2,3.2,1,0,0,0,0,0,Powerplay,2008-04-18,M Chinnaswamy Stadium,ROYAL CHALLENGERS BANGALORE,KOLKATA KNIGHT RIDERS,W Jaffer,I Sharma,,,,3,2,1,0,1,15,2,20,100,8,4.5,4.5,15.0,KOLKATA KNIGHT RIDERS,223.0,222.0,82.0,208.0,12.48,8.98,115.20177459716797,10.039405524730682
335982,2007,1,2,3.3,0,0,0,0,0,0,Powerplay,2008-04-18,M Chinnaswamy Stadium,ROYAL CHALLENGERS BANGALORE,KOLKATA KNIGHT RIDERS,JH Kallis,I Sharma,,,,3,3,0,0,1,15,2,21,99,8,4.285714285714286,4.285714285714286,15.0,KOLKATA KNIGHT RIDERS,223.0,222.0,82.0,208.0,12.606060606060606,9.32034632034632,112.19072723388672,9.75194772084554
335982,2007,1,2,3.4,0,1,0,0,1,0,Powerplay,2008-04-18,M Chinnaswamy Stadium,ROYAL CHALLENGERS BANGALORE,KOLKATA KNIGHT RIDERS,JH Kallis,I Sharma,,,,3,4,1,0,1,16,2,22,98,8,4.363636363636363,4.363636363636363,16.0,KOLKATA KNIGHT RIDERS,223.0,222.0,82.0,207.0,12.673469387755102,9.309833024118738,112.21674346923828,9.75194772084554
335982,2007,1,2,3.5,0,0,0,0,0,0,Powerplay,2008-04-18,M Chinnaswamy Stadium,ROYAL CHALLENGERS BANGALORE,KOLKATA KNIGHT RIDERS,W Jaffer,I Sharma,,,,3,5,0,0,1,16,2,23,97,8,4.173913043478261,4.173913043478261,16.0,KOLKATA KNIGHT RIDERS,223.0,222.0,82.0,207.0,12.804123711340209,9.630210667861943,112.21674346923828,9.75194772084554
335982,2007,1,2,3.6,0,0,0,0,0,0,Powerplay,2008-04-18,M Chinnaswamy Stadium,ROYAL CHALLENGERS BANGALORE,KOLKATA KNIGHT RIDERS,W Jaffer,I Sharma,,,,3,6,0,0,1,16,2,24,96,8,4.0,4.0,16.0,KOLKATA KNIGHT RIDERS,223.0,222.0,82.0,207.0,12.9375,9.9375,112.73796081542969,9.281790008147556
335982,2007,1,2,4.1,1,0,0,0,0,0,Powerplay,2008-04-18,M Chinnaswamy Stadium,ROYAL CHALLENGERS BANGALORE,KOLKATA KNIGHT RIDERS,JH Kallis,AB Agarkar,,,,4,1,1,0,1,17,2,25,95,8,4.08,4.08,17.0,KOLKATA KNIGHT RIDERS,223.0,222.0,82.0,206.0,13.010526315789471,9.930526315789471,112.73796081542969,9.281790008147556
335982,2007,1,2,4.2,1,0,0,0,0,0,Powerplay,2008-04-18,M Chinnaswamy Stadium,ROYAL CHALLENGERS BANGALORE,KOLKATA KNIGHT RIDERS,W Jaffer,AB Agarkar,,,,4,2,1,0,1,18,2,26,94,8,4.153846153846154,4.153846153846154,18.0,KOLKATA KNIGHT RIDERS,223.0,222.0,82.0,205.0,13.085106382978724,9.931260229132567,112.73796081542969,9.281790008147556
335982,2007,1,2,4.3,0,0,0,0,0,0,Powerplay,2008-04-18,M Chinnaswamy Stadium,ROYAL CHALLENGERS BANGALORE,KOLKATA KNIGHT RIDERS,JH Kallis,AB Agarkar,,,,4,3,0,0,1,18,2,27,93,8,4.0,4.0,18.0,KOLKATA KNIGHT RIDERS,223.0,222.0,82.0,205.0,13.225806451612904,10.225806451612904,112.28272247314453,9.281790008147556
335982,2007,1,2,4.4,6,0,0,0,0,0,Powerplay,2008-04-18,M Chinnaswamy Stadium,ROYAL CHALLENGERS BANGALORE,KOLKATA KNIGHT RIDERS,JH Kallis,AB Agarkar,,,,4,4,6,0,1,24,2,28,92,8,5.142857142857143,5.142857142857143,24.0,KOLKATA KNIGHT RIDERS,223.0,222.0,82.0,199.0,12.978260869565217,8.835403726708073,122.01726531982422,10.039405524730682
335982,2007,1,2,4.5,0,0,0,0,0,0,Powerplay,2008-04-18,M Chinnaswamy Stadium,ROYAL CHALLENGERS BANGALORE,KOLKATA KNIGHT RIDERS,JH Kallis,AB Agarkar,caught,JH Kallis,M Kartik,4,5,0,1,1,24,3,29,91,7,4.965517241379311,4.965517241379311,23.0,KOLKATA KNIGHT RIDERS,223.0,222.0,82.0,199.0,13.12087912087912,9.65536187949981,106.77436065673828,9.281790008147556
335982,2007,1,2,4.6,0,0,0,0,0,0,Powerplay,2008-04-18,M Chinnaswamy Stadium,ROYAL CHALLENGERS BANGALORE,KOLKATA KNIGHT RIDERS,CL White,AB Agarkar,,,,4,6,0,0,1,24,3,30,90,7,4.8,4.8,22.0,KOLKATA KNIGHT RIDERS,223.0,222.0,82.0,199.0,13.266666666666667,9.966666666666669,106.75022888183594,9.016227473815281
335982,2007,1,2,5.1,0,0,0,0,0,0,Powerplay,2008-04-18,M Chinnaswamy Stadium,ROYAL CHALLENGERS BANGALORE,KOLKATA KNIGHT RIDERS,W Jaffer,AB Dinda,,,,5,1,0,0,1,24,3,31,89,7,4.645161290322581,4.645161290322581,22.0,KOLKATA KNIGHT RIDERS,223.0,222.0,82.0,199.0,13.415730337078651,10.27056904675607,106.29497528076172,7.429879779616992
335982,2007,1,2,5.2,0,0,0,0,0,0,Powerplay,2008-04-18,M Chinnaswamy Stadium,ROYAL CHALLENGERS BANGALORE,KOLKATA KNIGHT RIDERS,W Jaffer,AB Dinda,caught,W Jaffer,RT Ponting,5,2,0,1,1,24,4,32,88,6,4.5,4.5,21.0,KOLKATA KNIGHT RIDERS,223.0,222.0,82.0,199.0,13.568181818181818,11.068181818181818,94.83533477783203,2.471654551724593
335982,2007,1,2,5.3,0,0,0,0,0,0,Powerplay,2008-04-18,M Chinnaswamy Stadium,ROYAL CHALLENGERS BANGALORE,KOLKATA KNIGHT RIDERS,MV Boucher,AB Dinda,,,,5,3,0,0,1,24,4,33,87,6,4.363636363636363,4.363636363636363,20.0,KOLKATA KNIGHT RIDERS,223.0,222.0,82.0,199.0,13.724137931034482,11.36050156739812,94.83533477783203,1.9329733215272427
335982,2007,1,2,5.4,1,0,0,0,0,0,Powerplay,2008-04-18,M Chinnaswamy Stadium,ROYAL CHALLENGERS BANGALORE,KOLKATA KNIGHT RIDERS,MV Boucher,AB Dinda,,,,5,4,1,0,1,25,4,34,86,6,4.411764705882353,4.411764705882353,21.0,KOLKATA KNIGHT RIDERS,223.0,222.0,82.0,198.0,13.813953488372093,11.40218878248974,94.83533477783203,1.9329733215272427
335982,2007,1,2,5.5,1,0,0,0,0,0,Powerplay,2008-04-18,M Chinnaswamy Stadium,ROYAL CHALLENGERS BANGALORE,KOLKATA KNIGHT RIDERS,CL White,AB Dinda,,,,5,5,1,0,1,26,4,35,85,6,4.457142857142857,4.457142857142857,22.0,KOLKATA KNIGHT RIDERS,223.0,222.0,82.0,197.0,13.905882352941177,11.44873949579832,95.29935455322266,1.9329733215272427
335982,2007,1,2,5.6,0,0,0,0,0,0,Powerplay,2008-04-18,M Chinnaswamy Stadium,ROYAL CHALLENGERS BANGALORE,KOLKATA KNIGHT RIDERS,MV Boucher,AB Dinda,,,,5,6,0,0,1,26,4,36,84,6,4.333333333333333,4.333333333333333,22.0,KOLKATA KNIGHT RIDERS,223.0,222.0,82.0,197.0,14.071428571428571,11.738095238095235,95.29935455322266,1.9329733215272427
335982,2007,1,2,6.1,0,0,0,0,0,0,Middle Overs,2008-04-18,M Chinnaswamy Stadium,ROYAL CHALLENGERS BANGALORE,KOLKATA KNIGHT RIDERS,CL White,AB Agarkar,,,,6,1,0,0,1,26,4,37,83,6,4.216216216216216,4.216216216216216,22.0,KOLKATA KNIGHT RIDERS,223.0,222.0,82.0,197.0,14.240963855421686,12.02474763920547,96.78976440429688,0.21476028487086296
335982,2007,1,2,6.2,0,0,0,0,0,0,Middle Overs,2008-04-18,M Chinnaswamy Stadium,ROYAL CHALLENGERS BANGALORE,KOLKATA KNIGHT RIDERS,CL White,AB Agarkar,,,,6,2,0,0,1,26,4,38,82,6,4.105263157894737,4.105263157894737,18.0,KOLKATA KNIGHT RIDERS,223.0,222.0,82.0,197.0,14.414634146341465,12.309370988446728,97.17514038085938,0.21476028487086296
335982,2007,1,2,6.3,1,0,0,0,0,0,Middle Overs,2008-04-18,M Chinnaswamy Stadium,ROYAL CHALLENGERS BANGALORE,KOLKATA KNIGHT RIDERS,CL White,AB Agarkar,,,,6,3,1,0,1,27,4,39,81,6,4.153846153846154,4.153846153846154,18.0,KOLKATA KNIGHT RIDERS,223.0,222.0,82.0,196.0,14.51851851851852,12.364672364672366,97.17514038085938,0.21476028487086296
335982,2007,1,2,6.4,0,1,1,0,0,0,Middle Overs,2008-04-18,M Chinnaswamy Stadium,ROYAL CHALLENGERS BANGALORE,KOLKATA KNIGHT RIDERS,MV Boucher,AB Agarkar,,,,6,4,1,0,0,28,4,39,81,6,4.307692307692308,4.307692307692308,19.0,KOLKATA KNIGHT RIDERS,223.0,222.0,82.0,195.0,14.444444444444445,12.136752136752136,97.17514038085938,0.21476028487086296
335982,2007,1,2,6.4,0,1,1,0,0,0,Middle Overs,2008-04-18,M Chinnaswamy Stadium,ROYAL CHALLENGERS BANGALORE,KOLKATA KNIGHT RIDERS,MV Boucher,AB Agarkar,,,,6,4,1,0,0,29,4,39,81,6,4.461538461538462,4.461538461538462,20.0,KOLKATA KNIGHT RIDERS,223.0,222.0,82.0,194.0,14.37037037037037,11.908831908831909,97.17514038085938,0.21476028487086296
335982,2007,1,2,6.4,0,0,0,0,0,0,Middle Overs,2008-04-18,M Chinnaswamy Stadium,ROYAL CHALLENGERS BANGALORE,KOLKATA KNIGHT RIDERS,MV Boucher,AB Agarkar,,,,6,4,0,0,1,29,4,40,80,6,4.35,4.35,20.0,KOLKATA KNIGHT RIDERS,223.0,222.0,82.0,194.0,14.55,12.2,97.4805908203125,0.21476028487086296
335982,2007,1,2,6.5,0,0,0,0,0,0,Middle Overs,2008-04-18,M Chinnaswamy Stadium,ROYAL CHALLENGERS BANGALORE,KOLKATA KNIGHT RIDERS,MV Boucher,AB Agarkar,,,,6,5,0,0,1,29,4,41,79,6,4.243902439024391,4.243902439024391,20.0,KOLKATA KNIGHT RIDERS,223.0,222.0,82.0,194.0,14.734177215189874,12.490274776165483,97.4805908203125,0.21476028487086296
335982,2007,1,2,6.6,4,0,0,0,0,0,Middle Overs,2008-04-18,M Chinnaswamy Stadium,ROYAL CHALLENGERS BANGALORE,KOLKATA KNIGHT RIDERS,MV Boucher,AB Agarkar,,,,6,6,4,0,1,33,4,42,78,6,4.714285714285714,4.714285714285714,23.0,KOLKATA KNIGHT RIDERS,223.0,222.0,82.0,190.0,14.615384615384617,11.9010989010989,100.53649139404297,0.21476028487086296
335982,2007,1,2,7.1,1,0,0,0,0,0,Middle Overs,2008-04-18,M Chinnaswamy Stadium,ROYAL CHALLENGERS BANGALORE,KOLKATA KNIGHT RIDERS,CL White,SC Ganguly,,,,7,1,1,0,1,34,4,43,77,6,4.744186046511628,4.744186046511628,24.0,KOLKATA KNIGHT RIDERS,223.0,222.0,82.0,189.0,14.727272727272728,11.983086680761096,103.13665771484375,0.21476028487086296
335982,2007,1,2,7.2,0,1,0,0,1,0,Middle Overs,2008-04-18,M Chinnaswamy Stadium,ROYAL CHALLENGERS BANGALORE,KOLKATA KNIGHT RIDERS,MV Boucher,SC Ganguly,,,,7,2,1,0,1,35,4,44,76,6,4.7727272727272725,4.7727272727272725,24.0,KOLKATA KNIGHT RIDERS,223.0,222.0,82.0,188.0,14.842105263157896,12.069377990430624,106.67407989501953,0.21476028487086296
335982,2007,1,2,7.3,1,0,0,0,0,0,Middle Overs,2008-04-18,M Chinnaswamy Stadium,ROYAL CHALLENGERS BANGALORE,KOLKATA KNIGHT RIDERS,CL White,SC Ganguly,,,,7,3,1,0,1,36,4,45,75,6,4.8,4.8,25.0,KOLKATA KNIGHT RIDERS,223.0,222.0,82.0,187.0,14.96,12.16,108.22720336914062,0.21476028487086296
335982,2007,1,2,7.4,2,0,0,0,0,0,Middle Overs,2008-04-18,M Chinnaswamy Stadium,ROYAL CHALLENGERS BANGALORE,KOLKATA KNIGHT RIDERS,MV Boucher,SC Ganguly,,,,7,4,2,0,1,38,4,46,74,6,4.956521739130435,4.956521739130435,26.0,KOLKATA KNIGHT RIDERS,223.0,222.0,82.0,185.0,15.0,12.043478260869566,109.45446014404297,0.21476028487086296
335982,2007,1,2,7.5,0,0,0,0,0,0,Middle Overs,2008-04-18,M Chinnaswamy Stadium,ROYAL CHALLENGERS BANGALORE,KOLKATA KNIGHT RIDERS,MV Boucher,SC Ganguly,caught,MV Boucher,M Kartik,7,5,0,1,1,38,5,47,73,5,4.851063829787234,4.851063829787234,24.0,KOLKATA KNIGHT RIDERS,223.0,222.0,82.0,185.0,15.205479452054794,12.85441562226756,96.20999908447266,0.15576323494315147
335982,2007,1,2,7.6,0,0,0,0,0,0,Middle Overs,2008-04-18,M Chinnaswamy Stadium,ROYAL CHALLENGERS BANGALORE,KOLKATA KNIGHT RIDERS,CL White,SC Ganguly,,,,7,6,0,0,1,38,5,48,72,5,4.75,4.75,23.0,KOLKATA KNIGHT RIDERS,223.0,222.0,82.0,185.0,15.416666666666666,13.166666666666666,94.4729232788086,0.15576323494315147
335982,2007,1,2,8.1,0,0,0,0,0,0,Middle Overs,2008-04-18,M Chinnaswamy Stadium,ROYAL CHALLENGERS BANGALORE,KOLKATA KNIGHT RIDERS,B Akhil,AB Agarkar,,,,8,1,0,0,1,38,5,49,71,5,4.653061224489796,4.653061224489796,23.0,KOLKATA KNIGHT RIDERS,223.0,222.0,82.0,185.0,15.633802816901408,13.480741592411611,95.40165710449219,0.15576323494315147
335982,2007,1,2,8.2,0,0,0,0,0,0,Middle Overs,2008-04-18,M Chinnaswamy Stadium,ROYAL CHALLENGERS BANGALORE,KOLKATA KNIGHT RIDERS,B Akhil,AB Agarkar,caught,B Akhil,RT Ponting,8,2,0,1,1,38,6,50,70,4,4.56,4.56,22.0,KOLKATA KNIGHT RIDERS,223.0,222.0,82.0,185.0,15.857142857142858,14.29714285714286,83.71348571777344,0.15576323494315147
335982,2007,1,2,8.3,0,0,0,0,0,0,Middle Overs,2008-04-18,M Chinnaswamy Stadium,ROYAL CHALLENGERS BANGALORE,KOLKATA KNIGHT RIDERS,AA Noffke,AB Agarkar,,,,8,3,0,0,1,38,6,51,69,4,4.470588235294118,4.470588235294118,22.0,KOLKATA KNIGHT RIDERS,223.0,222.0,82.0,185.0,16.08695652173913,14.616368286445011,83.71348571777344,0.15576323494315147
335982,2007,1,2,8.4,0,1,1,0,0,0,Middle Overs,2008-04-18,M Chinnaswamy Stadium,ROYAL CHALLENGERS BANGALORE,KOLKATA KNIGHT RIDERS,AA Noffke,AB Agarkar,,,,8,4,1,0,0,39,6,51,69,4,4.588235294117647,4.588235294117647,23.0,KOLKATA KNIGHT RIDERS,223.0,222.0,82.0,184.0,16.0,14.411764705882351,88.7548828125,0.15576323494315147
335982,2007,1,2,8.4,0,1,1,0,0,0,Middle Overs,2008-04-18,M Chinnaswamy Stadium,ROYAL CHALLENGERS BANGALORE,KOLKATA KNIGHT RIDERS,AA Noffke,AB Agarkar,,,,8,4,1,0,0,40,6,51,69,4,4.705882352941177,4.705882352941177,23.0,KOLKATA KNIGHT RIDERS,223.0,222.0,82.0,183.0,15.91304347826087,14.207161125319692,88.7548828125,0.15576323494315147
335982,2007,1,2,8.4,1,0,0,0,0,0,Middle Overs,2008-04-18,M Chinnaswamy Stadium,ROYAL CHALLENGERS BANGALORE,KOLKATA KNIGHT RIDERS,AA Noffke,AB Agarkar,,,,8,4,1,0,1,41,6,52,68,4,4.730769230769231,4.730769230769231,23.0,KOLKATA KNIGHT RIDERS,223.0,222.0,82.0,182.0,16.058823529411764,14.328054298642536,90.74249267578125,0.15576323494315147
335982,2007,1,2,8.5,2,0,0,0,0,0,Middle Overs,2008-04-18,M Chinnaswamy Stadium,ROYAL CHALLENGERS BANGALORE,KOLKATA KNIGHT RIDERS,CL White,AB Agarkar,,,,8,5,2,0,1,43,6,53,67,4,4.867924528301887,4.867924528301887,25.0,KOLKATA KNIGHT RIDERS,223.0,222.0,82.0,180.0,16.119402985074625,14.251478456772738,92.47956848144531,0.15576323494315147
335982,2007,1,2,8.6,0,0,0,0,0,0,Middle Overs,2008-04-18,M Chinnaswamy Stadium,ROYAL CHALLENGERS BANGALORE,KOLKATA KNIGHT RIDERS,CL White,AB Agarkar,caught,CL White,WP Saha,8,6,0,1,1,43,7,54,66,3,4.777777777777778,4.777777777777778,19.0,KOLKATA KNIGHT RIDERS,223.0,222.0,82.0,180.0,16.363636363636363,15.085858585858585,82.58623504638672,0.0
335982,2007,1,2,9.1,1,0,0,0,0,0,Middle Overs,2008-04-18,M Chinnaswamy Stadium,ROYAL CHALLENGERS BANGALORE,KOLKATA KNIGHT RIDERS,AA Noffke,SC Ganguly,,,,9,1,1,0,1,44,7,55,65,3,4.8,4.8,20.0,KOLKATA KNIGHT RIDERS,223.0,222.0,82.0,179.0,16.523076923076925,15.223076923076924,83.19053649902344,0.0
335982,2007,1,2,9.2,0,0,0,0,0,0,Middle Overs,2008-04-18,M Chinnaswamy Stadium,ROYAL CHALLENGERS BANGALORE,KOLKATA KNIGHT RIDERS,P Kumar,SC Ganguly,,,,9,2,0,0,1,44,7,56,64,3,4.714285714285714,4.714285714285714,20.0,KOLKATA KNIGHT RIDERS,223.0,222.0,82.0,179.0,16.78125,15.566964285714285,84.17721557617188,0.0
335982,2007,1,2,9.3,0,0,0,0,0,0,Middle Overs,2008-04-18,M Chinnaswamy Stadium,ROYAL CHALLENGERS BANGALORE,KOLKATA KNIGHT RIDERS,P Kumar,SC Ganguly,,,,9,3,0,0,1,44,7,57,63,3,4.631578947368421,4.631578947368421,20.0,KOLKATA KNIGHT RIDERS,223.0,222.0,82.0,179.0,17.047619047619047,15.916040100250626,84.17721557617188,0.0
335982,2007,1,2,9.4,0,1,1,0,0,0,Middle Overs,2008-04-18,M Chinnaswamy Stadium,ROYAL CHALLENGERS BANGALORE,KOLKATA KNIGHT RIDERS,P Kumar,SC Ganguly,,,,9,4,1,0,0,45,7,57,63,3,4.7368421052631575,4.7368421052631575,21.0,KOLKATA KNIGHT RIDERS,223.0,222.0,82.0,178.0,16.952380952380953,15.715538847117797,84.17721557617188,0.0
335982,2007,1,2,9.4,0,1,0,0,1,0,Middle Overs,2008-04-18,M Chinnaswamy Stadium,ROYAL CHALLENGERS BANGALORE,KOLKATA KNIGHT RIDERS,P Kumar,SC Ganguly,,,,9,4,1,0,1,46,7,58,62,3,4.758620689655173,4.758620689655173,22.0,KOLKATA KNIGHT RIDERS,223.0,222.0,82.0,177.0,17.129032258064516,15.870411568409343,84.77226257324219,0.0
335982,2007,1,2,9.5,4,0,0,0,0,0,Middle Overs,2008-04-18,M Chinnaswamy Stadium,ROYAL CHALLENGERS BANGALORE,KOLKATA KNIGHT RIDERS,AA Noffke,SC Ganguly,,,,9,5,4,0,1,50,7,59,61,3,5.084745762711864,5.084745762711864,25.0,KOLKATA KNIGHT RIDERS,223.0,222.0,82.0,173.0,17.016393442622952,15.431647679911087,86.50933837890625,0.0
335982,2007,1,2,9.6,1,0,0,0,0,0,Middle Overs,2008-04-18,M Chinnaswamy Stadium,ROYAL CHALLENGERS BANGALORE,KOLKATA KNIGHT RIDERS,AA Noffke,SC Ganguly,,,,9,6,1,0,1,51,7,60,60,3,5.1,5.1,25.0,KOLKATA KNIGHT RIDERS,223.0,222.0,82.0,172.0,17.2,15.6,86.50933837890625,0.0
335982,2007,1,2,10.1,0,0,0,0,0,0,Middle Overs,2008-04-18,M Chinnaswamy Stadium,ROYAL CHALLENGERS BANGALORE,KOLKATA KNIGHT RIDERS,AA Noffke,AB Agarkar,,,,10,1,0,0,1,51,7,61,59,3,5.016393442622951,5.016393442622951,25.0,KOLKATA KNIGHT RIDERS,223.0,222.0,82.0,172.0,17.491525423728813,15.975131981105864,86.65426635742188,0.0
335982,2007,1,2,10.2,0,0,0,0,0,0,Middle Overs,2008-04-18,M Chinnaswamy Stadium,ROYAL CHALLENGERS BANGALORE,KOLKATA KNIGHT RIDERS,AA Noffke,AB Agarkar,,,,10,2,0,0,1,51,7,62,58,3,4.935483870967742,4.935483870967742,25.0,KOLKATA KNIGHT RIDERS,223.0,222.0,82.0,172.0,17.79310344827586,16.35761957730812,86.85636901855469,0.0
335982,2007,1,2,10.3,0,0,0,0,0,0,Middle Overs,2008-04-18,M Chinnaswamy Stadium,ROYAL CHALLENGERS BANGALORE,KOLKATA KNIGHT RIDERS,AA Noffke,AB Agarkar,,,,10,3,0,0,1,51,7,63,57,3,4.857142857142857,4.857142857142857,25.0,KOLKATA KNIGHT RIDERS,223.0,222.0,82.0,172.0,18.105263157894736,16.74812030075188,86.85636901855469,0.0
335982,2007,1,2,10.4,1,0,0,0,0,0,Middle Overs,2008-04-18,M Chinnaswamy Stadium,ROYAL CHALLENGERS BANGALORE,KOLKATA KNIGHT RIDERS,AA Noffke,AB Agarkar,,,,10,4,1,0,1,52,7,64,56,3,4.875,4.875,25.0,KOLKATA KNIGHT RIDERS,223.0,222.0,82.0,171.0,18.321428571428573,16.946428571428573,86.955322265625,0.0
335982,2007,1,2,10.5,4,0,0,0,0,0,Middle Overs,2008-04-18,M Chinnaswamy Stadium,ROYAL CHALLENGERS BANGALORE,KOLKATA KNIGHT RIDERS,P Kumar,AB Agarkar,,,,10,5,4,0,1,56,7,65,55,3,5.1692307692307695,5.1692307692307695,28.0,KOLKATA KNIGHT RIDERS,223.0,222.0,82.0,167.0,18.21818181818182,16.54895104895105,88.74591827392578,0.0
335982,2007,1,2,10.6,0,0,0,0,0,0,Middle Overs,2008-04-18,M Chinnaswamy Stadium,ROYAL CHALLENGERS BANGALORE,KOLKATA KNIGHT RIDERS,P Kumar,AB Agarkar,,,,10,6,0,0,1,56,7,66,54,3,5.090909090909091,5.090909090909091,27.0,KOLKATA KNIGHT RIDERS,223.0,222.0,82.0,167.0,18.55555555555556,16.964646464646467,87.69245147705078,0.0
335982,2007,1,2,11.1,1,0,0,0,0,0,Middle Overs,2008-04-18,M Chinnaswamy Stadium,ROYAL CHALLENGERS BANGALORE,KOLKATA KNIGHT RIDERS,AA Noffke,SC Ganguly,run out,AA Noffke,"AB Agarkar,WP Saha",11,1,1,1,1,57,8,67,53,2,5.104477611940299,5.104477611940299,28.0,KOLKATA KNIGHT RIDERS,223.0,222.0,82.0,166.0,18.79245283018868,17.687975218248383,81.24048614501953,0.0
335982,2007,1,2,11.2,0,0,0,0,0,0,Middle Overs,2008-04-18,M Chinnaswamy Stadium,ROYAL CHALLENGERS BANGALORE,KOLKATA KNIGHT RIDERS,Z Khan,SC Ganguly,,,,11,2,0,0,1,57,8,68,52,2,5.029411764705882,5.029411764705882,28.0,KOLKATA KNIGHT RIDERS,223.0,222.0,82.0,166.0,19.153846153846157,18.12443438914027,81.24048614501953,0.0
335982,2007,1,2,11.3,0,0,0,0,0,0,Middle Overs,2008-04-18,M Chinnaswamy Stadium,ROYAL CHALLENGERS BANGALORE,KOLKATA KNIGHT RIDERS,Z Khan,SC Ganguly,,,,11,3,0,0,1,57,8,69,51,2,4.956521739130435,4.956521739130435,24.0,KOLKATA KNIGHT RIDERS,223.0,222.0,82.0,166.0,19.529411764705884,18.57289002557545,79.60572052001953,0.0
335982,2007,1,2,11.4,1,0,0,0,0,0,Middle Overs,2008-04-18,M Chinnaswamy Stadium,ROYAL CHALLENGERS BANGALORE,KOLKATA KNIGHT RIDERS,Z Khan,SC Ganguly,,,,11,4,1,0,1,58,8,70,50,2,4.971428571428572,4.971428571428572,24.0,KOLKATA KNIGHT RIDERS,223.0,222.0,82.0,165.0,19.8,18.82857142857143,79.65946960449219,0.0
335982,2007,1,2,11.5,0,0,0,0,0,0,Middle Overs,2008-04-18,M Chinnaswamy Stadium,ROYAL CHALLENGERS BANGALORE,KOLKATA KNIGHT RIDERS,P Kumar,SC Ganguly,,,,11,5,0,0,1,58,8,71,49,2,4.901408450704225,4.901408450704225,23.0,KOLKATA KNIGHT RIDERS,223.0,222.0,82.0,165.0,20.20408163265306,19.30267318194884,78.34333038330078,0.0
335982,2007,1,2,11.6,1,0,0,0,0,0,Middle Overs,2008-04-18,M Chinnaswamy Stadium,ROYAL CHALLENGERS BANGALORE,KOLKATA KNIGHT RIDERS,P Kumar,SC Ganguly,,,,11,6,1,0,1,59,8,72,48,2,4.916666666666667,4.916666666666667,23.0,KOLKATA KNIGHT RIDERS,223.0,222.0,82.0,164.0,20.5,19.58333333333333,79.88410949707031,0.0
335982,2007,1,2,12.1,6,0,0,0,0,0,Middle Overs,2008-04-18,M Chinnaswamy Stadium,ROYAL CHALLENGERS BANGALORE,KOLKATA KNIGHT RIDERS,P Kumar,LR Shukla,,,,12,1,6,0,1,65,8,73,47,2,5.342465753424658,5.342465753424658,27.0,KOLKATA KNIGHT RIDERS,223.0,222.0,82.0,158.0,20.170212765957448,18.82774701253279,81.62118530273438,0.0
335982,2007,1,2,12.2,0,2,2,0,0,0,Middle Overs,2008-04-18,M Chinnaswamy Stadium,ROYAL CHALLENGERS BANGALORE,KOLKATA KNIGHT RIDERS,P Kumar,LR Shukla,,,,12,2,2,0,0,67,8,73,47,2,5.506849315068493,5.506849315068493,29.0,KOLKATA KNIGHT RIDERS,223.0,222.0,82.0,156.0,19.91489361702128,18.408044301952785,83.55435943603516,0.0
335982,2007,1,2,12.2,1,0,0,0,0,0,Middle Overs,2008-04-18,M Chinnaswamy Stadium,ROYAL CHALLENGERS BANGALORE,KOLKATA KNIGHT RIDERS,Z Khan,LR Shukla,,,,12,2,1,0,1,68,8,74,46,2,5.513513513513513,5.513513513513513,30.0,KOLKATA KNIGHT RIDERS,223.0,222.0,82.0,155.0,20.217391304347824,18.703877790834312,86.8630142211914,0.0
335982,2007,1,2,12.3,1,0,0,0,0,0,Middle Overs,2008-04-18,M Chinnaswamy Stadium,ROYAL CHALLENGERS BANGALORE,KOLKATA KNIGHT RIDERS,P Kumar,LR Shukla,,,,12,3,1,0,1,69,8,75,45,2,5.52,5.52,31.0,KOLKATA KNIGHT RIDERS,223.0,222.0,82.0,154.0,20.53333333333333,19.013333333333332,88.08242797851562,0.0
335982,2007,1,2,12.4,0,0,0,0,0,0,Middle Overs,2008-04-18,M Chinnaswamy Stadium,ROYAL CHALLENGERS BANGALORE,KOLKATA KNIGHT RIDERS,Z Khan,LR Shukla,,,,12,4,0,0,1,69,8,76,44,2,5.447368421052632,5.447368421052632,31.0,KOLKATA KNIGHT RIDERS,223.0,222.0,82.0,154.0,21.0,19.55263157894737,86.89643096923828,0.0
335982,2007,1,2,12.5,0,0,0,0,0,0,Middle Overs,2008-04-18,M Chinnaswamy Stadium,ROYAL CHALLENGERS BANGALORE,KOLKATA KNIGHT RIDERS,Z Khan,LR Shukla,,,,12,5,0,0,1,69,8,77,43,2,5.376623376623376,5.376623376623376,31.0,KOLKATA KNIGHT RIDERS,223.0,222.0,82.0,154.0,21.48837209302325,20.11174871639988,87.34100341796875,0.0
335982,2007,1,2,12.6,1,0,0,0,0,0,Middle Overs,2008-04-18,M Chinnaswamy Stadium,ROYAL CHALLENGERS BANGALORE,KOLKATA KNIGHT RIDERS,Z Khan,LR Shukla,,,,12,6,1,0,1,70,8,78,42,2,5.384615384615385,5.384615384615385,31.0,KOLKATA KNIGHT RIDERS,223.0,222.0,82.0,153.0,21.857142857142858,20.472527472527474,87.30982971191406,0.0
335982,2007,1,2,13.1,0,0,0,0,0,0,Middle Overs,2008-04-18,M Chinnaswamy Stadium,ROYAL CHALLENGERS BANGALORE,KOLKATA KNIGHT RIDERS,Z Khan,SC Ganguly,bowled,Z Khan,,13,1,0,1,1,70,9,79,41,1,5.316455696202532,5.316455696202532,30.0,KOLKATA KNIGHT RIDERS,223.0,222.0,82.0,153.0,22.390243902439025,21.573788206236493,84.42130279541016,0.0
335982,2007,1,2,13.2,1,0,0,0,0,0,Middle Overs,2008-04-18,M Chinnaswamy Stadium,ROYAL CHALLENGERS BANGALORE,KOLKATA KNIGHT RIDERS,SB Joshi,SC Ganguly,,,,13,2,1,0,1,71,9,80,40,1,5.325,5.325,30.0,KOLKATA KNIGHT RIDERS,223.0,222.0,82.0,152.0,22.8,21.975,84.62593841552734,0.0
335982,2007,1,2,13.3,0,0,0,0,0,0,Middle Overs,2008-04-18,M Chinnaswamy Stadium,ROYAL CHALLENGERS BANGALORE,KOLKATA KNIGHT RIDERS,P Kumar,SC Ganguly,,,,13,3,0,0,1,71,9,81,39,1,5.25925925925926,5.25925925925926,28.0,KOLKATA KNIGHT RIDERS,223.0,222.0,82.0,152.0,23.384615384615383,22.625356125356124,84.9561767578125,0.0
335982,2007,1,2,13.4,0,0,0,0,0,0,Middle Overs,2008-04-18,M Chinnaswamy Stadium,ROYAL CHALLENGERS BANGALORE,KOLKATA KNIGHT RIDERS,P Kumar,SC Ganguly,,,,13,4,0,0,1,71,9,82,38,1,5.195121951219512,5.195121951219512,28.0,KOLKATA KNIGHT RIDERS,223.0,222.0,82.0,152.0,24.0,23.304878048780488,85.13447570800781,0.0
335982,2007,1,2,13.5,0,0,0,0,0,0,Middle Overs,2008-04-18,M Chinnaswamy Stadium,ROYAL CHALLENGERS BANGALORE,KOLKATA KNIGHT RIDERS,P Kumar,SC Ganguly,,,,13,5,0,0,1,71,9,83,37,1,5.132530120481928,5.132530120481928,27.0,KOLKATA KNIGHT RIDERS,223.0,222.0,82.0,152.0,24.64864864864865,24.01611852816672,83.49971008300781,0.0
335982,2007,1,2,13.6,6,0,0,0,0,0,Middle Overs,2008-04-18,M Chinnaswamy Stadium,ROYAL CHALLENGERS BANGALORE,KOLKATA KNIGHT RIDERS,P Kumar,SC Ganguly,,,,13,6,6,0,1,77,9,84,36,1,5.5,5.5,33.0,KOLKATA KNIGHT RIDERS,223.0,222.0,82.0,146.0,24.33333333333333,23.33333333333333,89.91564178466797,0.0
335982,2007,1,2,14.1,0,1,1,0,0,0,Middle Overs,2008-04-18,M Chinnaswamy Stadium,ROYAL CHALLENGERS BANGALORE,KOLKATA KNIGHT RIDERS,SB Joshi,I Sharma,,,,14,1,1,0,0,78,9,84,36,1,5.571428571428571,5.571428571428571,34.0,KOLKATA KNIGHT RIDERS,223.0,222.0,82.0,145.0,24.166666666666668,23.09523809523809,90.38272857666016,0.0
335982,2007,1,2,14.1,0,0,0,0,0,0,Middle Overs,2008-04-18,M Chinnaswamy Stadium,ROYAL CHALLENGERS BANGALORE,KOLKATA KNIGHT RIDERS,SB Joshi,I Sharma,,,,14,1,0,0,1,78,9,85,35,1,5.505882352941176,5.505882352941176,33.0,KOLKATA KNIGHT RIDERS,223.0,222.0,82.0,145.0,24.857142857142858,23.851260504201683,90.7729721069336,0.0
335982,2007,1,2,14.2,0,0,0,0,0,0,Middle Overs,2008-04-18,M Chinnaswamy Stadium,ROYAL CHALLENGERS BANGALORE,KOLKATA KNIGHT RIDERS,SB Joshi,I Sharma,,,,14,2,0,0,1,78,9,86,34,1,5.441860465116279,5.441860465116279,32.0,KOLKATA KNIGHT RIDERS,223.0,222.0,82.0,145.0,25.58823529411765,24.64637482900137,89.64749908447266,0.0
335982,2007,1,2,14.3,1,0,0,0,0,0,Middle Overs,2008-04-18,M Chinnaswamy Stadium,ROYAL CHALLENGERS BANGALORE,KOLKATA KNIGHT RIDERS,SB Joshi,I Sharma,,,,14,3,1,0,1,79,9,87,33,1,5.448275862068965,5.448275862068965,29.0,KOLKATA KNIGHT RIDERS,223.0,222.0,82.0,144.0,26.181818181818183,25.0,88.9952163696289,0.0
335982,2007,1,2,14.4,0,1,0,0,1,0,Middle Overs,2008-04-18,M Chinnaswamy Stadium,ROYAL CHALLENGERS BANGALORE,KOLKATA KNIGHT RIDERS,P Kumar,I Sharma,,,,14,4,1,0,1,80,9,88,32,1,5.454545454545454,5.454545454545454,29.0,KOLKATA KNIGHT RIDERS,223.0,222.0,82.0,143.0,26.8125,25.0,89.50598907470703,0.0
335982,2007,1,2,14.5,1,0,0,0,0,0,Middle Overs,2008-04-18,M Chinnaswamy Stadium,ROYAL CHALLENGERS BANGALORE,KOLKATA KNIGHT RIDERS,SB Joshi,I Sharma,,,,14,5,1,0,1,81,9,89,31,1,5.46067415730337,5.46067415730337,30.0,KOLKATA KNIGHT RIDERS,223.0,222.0,82.0,142.0,27.483870967741936,25.0,89.17575073242188,0.0
335982,2007,1,2,14.6,0,0,0,0,0,0,Middle Overs,2008-04-18,M Chinnaswamy Stadium,ROYAL CHALLENGERS BANGALORE,KOLKATA KNIGHT RIDERS,P Kumar,I Sharma,,,,14,6,0,0,1,81,9,90,30,1,5.4,5.4,30.0,KOLKATA KNIGHT RIDERS,223.0,222.0,82.0,142.0,28.4,25.0,89.17575073242188,0.0
335982,2007,1,2,15.1,0,1,1,0,0,0,Middle Overs,2008-04-18,M Chinnaswamy Stadium,ROYAL CHALLENGERS BANGALORE,KOLKATA KNIGHT RIDERS,SB Joshi,LR Shukla,,,,15,1,1,0,0,82,9,90,30,1,5.466666666666667,5.466666666666667,31.0,KOLKATA KNIGHT RIDERS,223.0,222.0,82.0,141.0,28.2,25.0,89.17575073242188,0.0
335982,2007,1,2,15.1,0,0,0,0,0,0,Death Overs,2008-04-18,M Chinnaswamy Stadium,ROYAL CHALLENGERS BANGALORE,KOLKATA KNIGHT RIDERS,SB Joshi,LR Shukla,caught,SB Joshi,BB McCullum,15,1,0,1,1,82,10,91,29,0,5.406593406593407,5.406593406593407,30.0,KOLKATA KNIGHT RIDERS,223.0,222.0,82.0,141.0,29.17241379310345,25.0,89.90791320800781,0.0
