match_id,season,phase,match_no,date,venue,batting_team,bowling_team,innings,over,striker,bowler,runs_of_bat,extras,wide,legbyes,byes,noballs,wicket_type,player_dismissed,fielder,tournament_year,source_file,over_no,ball_no,ball_runs,wicket_event,legal_delivery,current_score,current_wickets,balls_bowled,balls_remaining,wickets_remaining,current_run_rate,run_rate,last_30_runs,winner,target,first_innings_total,second_innings_total,runs_required,required_run_rate,pressure_index,projected_score,win_probability
1,2016,Powerplay,1,2016-03-08,"Vidarbha Cricket Association Stadium, Jamtha",ZIM,HK,1,0.1,H Masakadza,Tanwir Afzal,0,0,0,0,0.0,0,,,,2016,t20_wc_2016_deliveries.csv,0,1,0,0,1,0,0,1,119,10,0.0,0.0,0.0,ZIM,159.0,158.0,144.0,,,8.0,138.92192287685137,
1,2016,Powerplay,1,2016-03-08,"Vidarbha Cricket Association Stadium, Jamtha",ZIM,HK,1,0.2,H Masakadza,Tanwir Afzal,0,0,0,0,0.0,0,,,,2016,t20_wc_2016_deliveries.csv,0,2,0,0,1,0,0,2,118,10,0.0,0.0,0.0,ZIM,159.0,158.0,144.0,,,8.0,138.92192287685137,
1,2016,Powerplay,1,2016-03-08,"Vidarbha Cricket Association Stadium, Jamtha",ZIM,HK,1,0.3,H Masakadza,Tanwir Afzal,0,0,0,0,0.0,0,,,,2016,t20_wc_2016_deliveries.csv,0,3,0,0,1,0,0,3,117,10,0.0,0.0,0.0,ZIM,159.0,158.0,144.0,,,8.0,138.92192287685137,
1,2016,Powerplay,1,2016-03-08,"Vidarbha Cricket Association Stadium, Jamtha",ZIM,HK,1,0.4,H Masakadza,Tanwir Afzal,0,0,0,0,0.0,0,,,,2016,t20_wc_2016_deliveries.csv,0,4,0,0,1,0,0,4,116,10,0.0,0.0,0.0,ZIM,159.0,158.0,144.0,,,8.0,138.92192287685137,
1,2016,Powerplay,1,2016-03-08,"Vidarbha Cricket Association Stadium, Jamtha",ZIM,HK,1,0.5,H Masakadza,Tanwir Afzal,1,0,0,0,0.0,0,,,,2016,t20_wc_2016_deliveries.csv,0,5,1,0,1,1,0,5,115,10,1.2,1.2,1.0,ZIM,159.0,158.0,144.0,,,6.8,138.92192287685137,
1,2016,Powerplay,1,2016-03-08,"Vidarbha Cricket Association Stadium, Jamtha",ZIM,HK,1,0.6,V Sibanda,Tanwir Afzal,0,0,0,0,0.0,0,,,,2016,t20_wc_2016_deliveries.csv,0,6,0,0,1,1,0,6,114,10,1.0,1.0,1.0,ZIM,159.0,158.0,144.0,,,7.0,138.92192287685137,
1,2016,Powerplay,1,2016-03-08,"Vidarbha Cricket Association Stadium, Jamtha",ZIM,HK,1,1.1,H Masakadza,Haseeb Amjad,0,0,0,0,0.0,0,,,,2016,t20_wc_2016_deliveries.csv,1,1,0,0,1,1,0,7,113,10,0.8571428571428571,0.8571428571428571,1.0,ZIM,159.0,158.0,144.0,,,7.142857142857143,138.92192287685137,
1,2016,Powerplay,1,2016-03-08,"Vidarbha Cricket Association Stadium, Jamtha",ZIM,HK,1,1.2,H Masakadza,Haseeb Amjad,0,0,0,0,0.0,0,,,,2016,t20_wc_2016_deliveries.csv,1,2,0,0,1,1,0,8,112,10,0.75,0.75,1.0,ZIM,159.0,158.0,144.0,,,7.25,138.92192287685137,
1,2016,Powerplay,1,2016-03-08,"Vidarbha Cricket Association Stadium, Jamtha",ZIM,HK,1,1.3,H Masakadza,Haseeb Amjad,4,0,0,0,0.0,0,,,,2016,t20_wc_2016_deliveries.csv,1,3,4,0,1,5,0,9,111,10,3.333333333333333,3.333333333333333,5.0,ZIM,159.0,158.0,144.0,,,4.666666666666666,138.92192287685137,
1,2016,Powerplay,1,2016-03-08,"Vidarbha Cricket Association Stadium, Jamtha",ZIM,HK,1,1.4,H Masakadza,Haseeb Amjad,6,0,0,0,0.0,0,,,,2016,t20_wc_2016_deliveries.csv,1,4,6,0,1,11,0,10,110,10,6.6,6.6,11.0,ZIM,159.0,158.0,144.0,,,1.4000000000000004,147.96726819352037,
1,2016,Powerplay,1,2016-03-08,"Vidarbha Cricket Association Stadium, Jamtha",ZIM,HK,1,1.5,H Masakadza,Haseeb Amjad,4,0,0,0,0.0,0,,,,2016,t20_wc_2016_deliveries.csv,1,5,4,0,1,15,0,11,109,10,8.181818181818182,8.181818181818182,15.0,ZIM,159.0,158.0,144.0,,,-0.1818181818181816,159.86688250011338,
1,2016,Powerplay,1,2016-03-08,"Vidarbha Cricket Association Stadium, Jamtha",ZIM,HK,1,1.6,H Masakadza,Haseeb Amjad,1,0,0,0,0.0,0,,,,2016,t20_wc_2016_deliveries.csv,1,6,1,0,1,16,0,12,108,10,8.0,8.0,16.0,ZIM,159.0,158.0,144.0,,,0.0,155.7113998248604,
1,2016,Powerplay,1,2016-03-08,"Vidarbha Cricket Association Stadium, Jamtha",ZIM,HK,1,2.1,H Masakadza,Tanwir Afzal,4,0,0,0,0.0,0,,,,2016,t20_wc_2016_deliveries.csv,2,1,4,0,1,20,0,13,107,10,9.23076923076923,9.23076923076923,20.0,ZIM,159.0,158.0,144.0,,,-1.23076923076923,161.0227757929847,
1,2016,Powerplay,1,2016-03-08,"Vidarbha Cricket Association Stadium, Jamtha",ZIM,HK,1,2.2,H Masakadza,Tanwir Afzal,0,0,0,0,0.0,0,run out,H Masakadza,Babar Hayat,2016,t20_wc_2016_deliveries.csv,2,2,0,1,1,20,1,14,106,9,8.571428571428571,8.571428571428571,20.0,ZIM,159.0,158.0,144.0,,,-0.2214285714285712,160.33498819433788,
1,2016,Powerplay,1,2016-03-08,"Vidarbha Cricket Association Stadium, Jamtha",ZIM,HK,1,2.3,V Sibanda,Tanwir Afzal,0,0,0,0,0.0,0,,,,2016,t20_wc_2016_deliveries.csv,2,3,0,0,1,20,1,15,105,9,8.0,8.0,20.0,ZIM,159.0,158.0,144.0,,,0.35,155.02361222621357,
1,2016,Powerplay,1,2016-03-08,"Vidarbha Cricket Association Stadium, Jamtha",ZIM,HK,1,2.4,V Sibanda,Tanwir Afzal,4,0,0,0,0.0,0,,,,2016,t20_wc_2016_deliveries.csv,2,4,4,0,1,24,1,16,104,9,9.0,9.0,24.0,ZIM,159.0,158.0,144.0,,,-0.65,160.33498819433788,
1,2016,Powerplay,1,2016-03-08,"Vidarbha Cricket Association Stadium, Jamtha",ZIM,HK,1,2.5,V Sibanda,Tanwir Afzal,1,0,0,0,0.0,0,,,,2016,t20_wc_2016_deliveries.csv,2,5,1,0,1,25,1,17,103,9,8.823529411764707,8.823529411764707,25.0,ZIM,159.0,158.0,144.0,,,-0.4735294117647065,160.33498819433788,
1,2016,Powerplay,1,2016-03-08,"Vidarbha Cricket Association Stadium, Jamtha",ZIM,HK,1,2.6,R Mutumbami,Tanwir Afzal,0,0,0,0,0.0,0,,,,2016,t20_wc_2016_deliveries.csv,2,6,0,0,1,25,1,18,102,9,8.333333333333334,8.333333333333334,25.0,ZIM,159.0,158.0,144.0,,,0.016666666666666,159.17909490146656,
1,2016,Powerplay,1,2016-03-08,"Vidarbha Cricket Association Stadium, Jamtha",ZIM,HK,1,3.1,V Sibanda,Haseeb Amjad,4,0,0,0,0.0,0,,,,2016,t20_wc_2016_deliveries.csv,3,1,4,0,1,29,1,19,101,9,9.157894736842104,9.157894736842104,29.0,ZIM,159.0,158.0,144.0,,,-0.8078947368421044,160.33498819433788,
1,2016,Powerplay,1,2016-03-08,"Vidarbha Cricket Association Stadium, Jamtha",ZIM,HK,1,3.2,V Sibanda,Haseeb Amjad,4,0,0,0,0.0,0,,,,2016,t20_wc_2016_deliveries.csv,3,2,4,0,1,33,1,20,100,9,9.9,9.9,33.0,ZIM,159.0,158.0,144.0,,,-1.5500000000000005,160.33498819433788,
1,2016,Powerplay,1,2016-03-08,"Vidarbha Cricket Association Stadium, Jamtha",ZIM,HK,1,3.3,V Sibanda,Haseeb Amjad,0,1,0,0,0.0,1,,,,2016,t20_wc_2016_deliveries.csv,3,3,1,0,0,34,1,20,100,9,10.2,10.2,34.0,ZIM,159.0,158.0,144.0,,,-1.8499999999999992,164.61320783766195,
1,2016,Powerplay,1,2016-03-08,"Vidarbha Cricket Association Stadium, Jamtha",ZIM,HK,1,3.3,V Sibanda,Haseeb Amjad,0,0,0,0,0.0,0,,,,2016,t20_wc_2016_deliveries.csv,3,3,0,0,1,34,1,21,99,9,9.714285714285714,9.714285714285714,34.0,ZIM,159.0,158.0,144.0,,,-1.3642857142857134,164.61320783766195,
1,2016,Powerplay,1,2016-03-08,"Vidarbha Cricket Association Stadium, Jamtha",ZIM,HK,1,3.4,V Sibanda,Haseeb Amjad,4,0,0,0,0.0,0,,,,2016,t20_wc_2016_deliveries.csv,3,4,4,0,1,38,1,22,98,9,10.363636363636363,10.363636363636363,38.0,ZIM,159.0,158.0,144.0,,,-2.0136363636363632,164.61320783766195,
1,2016,Powerplay,1,2016-03-08,"Vidarbha Cricket Association Stadium, Jamtha",ZIM,HK,1,3.5,V Sibanda,Haseeb Amjad,0,0,0,0,0.0,0,,,,2016,t20_wc_2016_deliveries.csv,3,5,0,0,1,38,1,23,97,9,9.91304347826087,9.91304347826087,38.0,ZIM,159.0,158.0,144.0,,,-1.563043478260869,164.61320783766195,
1,2016,Powerplay,1,2016-03-08,"Vidarbha Cricket Association Stadium, Jamtha",ZIM,HK,1,3.6,V Sibanda,Haseeb Amjad,0,0,0,0,0.0,0,,,,2016,t20_wc_2016_deliveries.csv,3,6,0,0,1,38,1,24,96,9,9.5,9.5,38.0,ZIM,159.0,158.0,144.0,,,-1.15,164.61320783766195,
1,2016,Powerplay,1,2016-03-08,"Vidarbha Cricket Association Stadium, Jamtha",ZIM,HK,1,4.1,R Mutumbami,Tanwir Afzal,0,0,0,0,0.0,0,,,,2016,t20_wc_2016_deliveries.csv,4,1,0,0,1,38,1,25,95,9,9.12,9.12,38.0,ZIM,159.0,158.0,144.0,,,-0.7699999999999992,164.61320783766195,
1,2016,Powerplay,1,2016-03-08,"Vidarbha Cricket Association Stadium, Jamtha",ZIM,HK,1,4.2,R Mutumbami,Tanwir Afzal,0,0,0,0,0.0,0,caught,R Mutumbami,Nadeem Ahmed,2016,t20_wc_2016_deliveries.csv,4,2,0,1,1,38,2,26,94,8,8.76923076923077,8.76923076923077,38.0,ZIM,159.0,158.0,144.0,,,-0.0692307692307701,164.61320783766195,
1,2016,Powerplay,1,2016-03-08,"Vidarbha Cricket Association Stadium, Jamtha",ZIM,HK,1,4.3,V Sibanda,Tanwir Afzal,0,0,0,0,0.0,0,,,,2016,t20_wc_2016_deliveries.csv,4,3,0,0,1,38,2,27,93,8,8.444444444444445,8.444444444444445,38.0,ZIM,159.0,158.0,144.0,,,0.2555555555555553,164.61320783766195,
1,2016,Powerplay,1,2016-03-08,"Vidarbha Cricket Association Stadium, Jamtha",ZIM,HK,1,4.4,V Sibanda,Tanwir Afzal,0,0,0,0,0.0,0,,,,2016,t20_wc_2016_deliveries.csv,4,4,0,0,1,38,2,28,92,8,8.142857142857142,8.142857142857142,38.0,ZIM,159.0,158.0,144.0,,,0.5571428571428576,162.66528276246737,
1,2016,Powerplay,1,2016-03-08,"Vidarbha Cricket Association Stadium, Jamtha",ZIM,HK,1,4.5,V Sibanda,Tanwir Afzal,1,0,0,0,0.0,0,,,,2016,t20_wc_2016_deliveries.csv,4,5,1,0,1,39,2,29,91,8,8.068965517241379,8.068965517241379,39.0,ZIM,159.0,158.0,144.0,,,0.631034482758621,159.65072847984806,
1,2016,Powerplay,1,2016-03-08,"Vidarbha Cricket Association Stadium, Jamtha",ZIM,HK,1,4.6,SC Williams,Tanwir Afzal,4,0,0,0,0.0,0,,,,2016,t20_wc_2016_deliveries.csv,4,6,4,0,1,43,2,30,90,8,8.6,8.6,43.0,ZIM,159.0,158.0,144.0,,,0.1000000000000003,164.61320783766195,
1,2016,Powerplay,1,2016-03-08,"Vidarbha Cricket Association Stadium, Jamtha",ZIM,HK,1,5.1,V Sibanda,Nadeem Ahmed,1,0,0,0,0.0,0,,,,2016,t20_wc_2016_deliveries.csv,5,1,1,0,1,44,2,31,89,8,8.516129032258064,8.516129032258064,44.0,ZIM,159.0,158.0,144.0,,,0.1838709677419359,164.61320783766195,
1,2016,Powerplay,1,2016-03-08,"Vidarbha Cricket Association Stadium, Jamtha",ZIM,HK,1,5.2,SC Williams,Nadeem Ahmed,2,0,0,0,0.0,0,,,,2016,t20_wc_2016_deliveries.csv,5,2,2,0,1,46,2,32,88,8,8.625,8.625,46.0,ZIM,159.0,158.0,144.0,,,0.0749999999999999,164.61320783766195,
1,2016,Powerplay,1,2016-03-08,"Vidarbha Cricket Association Stadium, Jamtha",ZIM,HK,1,5.3,SC Williams,Nadeem Ahmed,4,0,0,0,0.0,0,,,,2016,t20_wc_2016_deliveries.csv,5,3,4,0,1,50,2,33,87,8,9.090909090909092,9.090909090909092,50.0,ZIM,159.0,158.0,144.0,,,-0.3909090909090917,164.61320783766195,
1,2016,Powerplay,1,2016-03-08,"Vidarbha Cricket Association Stadium, Jamtha",ZIM,HK,1,5.4,SC Williams,Nadeem Ahmed,1,0,0,0,0.0,0,,,,2016,t20_wc_2016_deliveries.csv,5,4,1,0,1,51,2,34,86,8,9.0,9.0,50.0,ZIM,159.0,158.0,144.0,,,-0.3,164.61320783766195,
1,2016,Powerplay,1,2016-03-08,"Vidarbha Cricket Association Stadium, Jamtha",ZIM,HK,1,5.5,V Sibanda,Nadeem Ahmed,1,0,0,0,0.0,0,,,,2016,t20_wc_2016_deliveries.csv,5,5,1,0,1,52,2,35,85,8,8.914285714285715,8.914285714285715,51.0,ZIM,159.0,158.0,144.0,,,-0.2142857142857146,164.61320783766195,
1,2016,Powerplay,1,2016-03-08,"Vidarbha Cricket Association Stadium, Jamtha",ZIM,HK,1,5.6,SC Williams,Nadeem Ahmed,1,0,0,0,0.0,0,,,,2016,t20_wc_2016_deliveries.csv,5,6,1,0,1,53,2,36,84,8,8.833333333333334,8.833333333333334,52.0,ZIM,159.0,158.0,144.0,,,-0.1333333333333339,166.14593201259163,
1,2016,Middle Overs,1,2016-03-08,"Vidarbha Cricket Association Stadium, Jamtha",ZIM,HK,1,6.1,SC Williams,Tanwir Afzal,0,0,0,0,0.0,0,bowled,SC Williams,,2016,t20_wc_2016_deliveries.csv,6,1,0,1,1,53,3,37,83,7,8.594594594594595,8.594594594594595,52.0,ZIM,159.0,158.0,144.0,,,0.4554054054054051,166.14593201259163,
1,2016,Middle Overs,1,2016-03-08,"Vidarbha Cricket Association Stadium, Jamtha",ZIM,HK,1,6.2,Sikandar Raza,Tanwir Afzal,0,0,0,0,0.0,0,,,,2016,t20_wc_2016_deliveries.csv,6,2,0,0,1,53,3,38,82,7,8.368421052631579,8.368421052631579,48.0,ZIM,159.0,158.0,144.0,,,0.6815789473684211,164.19800693739705,
1,2016,Middle Overs,1,2016-03-08,"Vidarbha Cricket Association Stadium, Jamtha",ZIM,HK,1,6.3,Sikandar Raza,Tanwir Afzal,1,0,0,0,0.0,0,,,,2016,t20_wc_2016_deliveries.csv,6,3,1,0,1,54,3,39,81,7,8.307692307692308,8.307692307692308,43.0,ZIM,159.0,158.0,144.0,,,0.7423076923076914,164.19800693739705,
1,2016,Middle Overs,1,2016-03-08,"Vidarbha Cricket Association Stadium, Jamtha",ZIM,HK,1,6.4,V Sibanda,Tanwir Afzal,2,0,0,0,0.0,0,,,,2016,t20_wc_2016_deliveries.csv,6,4,2,0,1,56,3,40,80,7,8.4,8.4,41.0,ZIM,159.0,158.0,144.0,,,0.6499999999999995,164.19800693739705,
1,2016,Middle Overs,1,2016-03-08,"Vidarbha Cricket Association Stadium, Jamtha",ZIM,HK,1,6.5,V Sibanda,Tanwir Afzal,0,0,0,0,0.0,0,,,,2016,t20_wc_2016_deliveries.csv,6,5,0,0,1,56,3,41,79,7,8.195121951219512,8.195121951219512,40.0,ZIM,159.0,158.0,144.0,,,0.8548780487804875,164.19800693739705,
1,2016,Middle Overs,1,2016-03-08,"Vidarbha Cricket Association Stadium, Jamtha",ZIM,HK,1,6.6,V Sibanda,Tanwir Afzal,1,0,0,0,0.0,0,,,,2016,t20_wc_2016_deliveries.csv,6,6,1,0,1,57,3,42,78,7,8.142857142857142,8.142857142857142,37.0,ZIM,159.0,158.0,144.0,,,0.9071428571428576,164.01675069427458,
1,2016,Middle Overs,1,2016-03-08,"Vidarbha Cricket Association Stadium, Jamtha",ZIM,HK,1,7.1,V Sibanda,RJ Campbell,1,0,0,0,0.0,0,,,,2016,t20_wc_2016_deliveries.csv,7,1,1,0,1,58,3,43,77,7,8.093023255813954,8.093023255813954,38.0,ZIM,159.0,158.0,144.0,,,0.9569767441860462,164.01675069427458,
1,2016,Middle Overs,1,2016-03-08,"Vidarbha Cricket Association Stadium, Jamtha",ZIM,HK,1,7.2,Sikandar Raza,RJ Campbell,1,0,0,0,0.0,0,,,,2016,t20_wc_2016_deliveries.csv,7,2,1,0,1,59,3,44,76,7,8.045454545454545,8.045454545454545,39.0,ZIM,159.0,158.0,144.0,,,1.0045454545454549,161.00219641165526,
1,2016,Middle Overs,1,2016-03-08,"Vidarbha Cricket Association Stadium, Jamtha",ZIM,HK,1,7.3,V Sibanda,RJ Campbell,1,0,0,0,0.0,0,,,,2016,t20_wc_2016_deliveries.csv,7,3,1,0,1,60,3,45,75,7,8.0,8.0,36.0,ZIM,159.0,158.0,144.0,,,1.0499999999999998,159.8612680190216,
1,2016,Middle Overs,1,2016-03-08,"Vidarbha Cricket Association Stadium, Jamtha",ZIM,HK,1,7.4,Sikandar Raza,RJ Campbell,1,0,0,0,0.0,0,,,,2016,t20_wc_2016_deliveries.csv,7,4,1,0,1,61,3,46,74,7,7.956521739130435,7.956521739130435,36.0,ZIM,159.0,158.0,144.0,,,1.0934782608695652,159.8612680190216,
1,2016,Middle Overs,1,2016-03-08,"Vidarbha Cricket Association Stadium, Jamtha",ZIM,HK,1,7.5,V Sibanda,RJ Campbell,1,0,0,0,0.0,0,run out,Sikandar Raza,Babar Hayat,2016,t20_wc_2016_deliveries.csv,7,5,1,1,1,62,4,47,73,6,7.914893617021277,7.914893617021277,37.0,ZIM,159.0,158.0,144.0,,,1.485106382978723,157.23044828759936,
1,2016,Middle Overs,1,2016-03-08,"Vidarbha Cricket Association Stadium, Jamtha",ZIM,HK,1,7.6,V Sibanda,RJ Campbell,1,0,0,0,0.0,0,,,,2016,t20_wc_2016_deliveries.csv,7,6,1,0,1,63,4,48,72,6,7.875,7.875,34.0,ZIM,159.0,158.0,144.0,,,1.525,157.23044828759936,
1,2016,Middle Overs,1,2016-03-08,"Vidarbha Cricket Association Stadium, Jamtha",ZIM,HK,1,8.1,V Sibanda,Aizaz Khan,1,0,0,0,0.0,0,,,,2016,t20_wc_2016_deliveries.csv,8,1,1,0,1,64,4,49,71,6,7.836734693877551,7.836734693877551,31.0,ZIM,159.0,158.0,144.0,,,1.563265306122449,154.50424059628085,
1,2016,Middle Overs,1,2016-03-08,"Vidarbha Cricket Association Stadium, Jamtha",ZIM,HK,1,8.2,MN Waller,Aizaz Khan,0,0,0,0,0.0,0,,,,2016,t20_wc_2016_deliveries.csv,8,2,0,0,1,64,4,50,70,6,7.68,7.68,30.0,ZIM,159.0,158.0,144.0,,,1.7200000000000002,153.5665344777,
1,2016,Middle Overs,1,2016-03-08,"Vidarbha Cricket Association Stadium, Jamtha",ZIM,HK,1,8.3,MN Waller,Aizaz Khan,0,0,0,0,0.0,0,,,,2016,t20_wc_2016_deliveries.csv,8,3,0,0,1,64,4,51,69,6,7.529411764705882,7.529411764705882,30.0,ZIM,159.0,158.0,144.0,,,1.8705882352941177,153.5665344777,
1,2016,Middle Overs,1,2016-03-08,"Vidarbha Cricket Association Stadium, Jamtha",ZIM,HK,1,8.4,MN Waller,Aizaz Khan,1,0,0,0,0.0,0,,,,2016,t20_wc_2016_deliveries.csv,8,4,1,0,1,65,4,52,68,6,7.5,7.5,27.0,ZIM,159.0,158.0,144.0,,,1.9,153.5665344777,
1,2016,Middle Overs,1,2016-03-08,"Vidarbha Cricket Association Stadium, Jamtha",ZIM,HK,1,8.5,V Sibanda,Aizaz Khan,4,0,0,0,0.0,0,,,,2016,t20_wc_2016_deliveries.csv,8,5,4,0,1,69,4,53,67,6,7.811320754716981,7.811320754716981,31.0,ZIM,159.0,158.0,144.0,,,1.5886792452830192,154.50424059628085,
1,2016,Middle Overs,1,2016-03-08,"Vidarbha Cricket Association Stadium, Jamtha",ZIM,HK,1,8.6,V Sibanda,Aizaz Khan,2,0,0,0,0.0,0,,,,2016,t20_wc_2016_deliveries.csv,8,6,2,0,1,71,4,54,66,6,7.888888888888889,7.888888888888889,33.0,ZIM,159.0,158.0,144.0,,,1.5111111111111106,154.50424059628085,
1,2016,Middle Overs,1,2016-03-08,"Vidarbha Cricket Association Stadium, Jamtha",ZIM,HK,1,9.1,MN Waller,RJ Campbell,4,0,0,0,0.0,0,,,,2016,t20_wc_2016_deliveries.csv,9,1,4,0,1,75,4,55,65,6,8.181818181818182,8.181818181818182,37.0,ZIM,159.0,158.0,144.0,,,1.2181818181818185,166.90579482444554,
1,2016,Middle Overs,1,2016-03-08,"Vidarbha Cricket Association Stadium, Jamtha",ZIM,HK,1,9.2,MN Waller,RJ Campbell,0,0,0,0,0.0,0,,,,2016,t20_wc_2016_deliveries.csv,9,2,0,0,1,75,4,56,64,6,8.035714285714286,8.035714285714286,37.0,ZIM,159.0,158.0,144.0,,,1.3642857142857134,163.89124054182622,
1,2016,Middle Overs,1,2016-03-08,"Vidarbha Cricket Association Stadium, Jamtha",ZIM,HK,1,9.3,MN Waller,RJ Campbell,0,0,0,0,0.0,0,,,,2016,t20_wc_2016_deliveries.csv,9,3,0,0,1,75,4,57,63,6,7.894736842105263,7.894736842105263,37.0,ZIM,159.0,158.0,144.0,,,1.505263157894737,160.09444466276972,
1,2016,Middle Overs,1,2016-03-08,"Vidarbha Cricket Association Stadium, Jamtha",ZIM,HK,1,9.4,MN Waller,RJ Campbell,0,0,0,0,0.0,0,,,,2016,t20_wc_2016_deliveries.csv,9,4,0,0,1,75,4,58,62,6,7.758620689655173,7.758620689655173,37.0,ZIM,159.0,158.0,144.0,,,1.641379310344827,156.2927421690185,
1,2016,Middle Overs,1,2016-03-08,"Vidarbha Cricket Association Stadium, Jamtha",ZIM,HK,1,9.5,MN Waller,RJ Campbell,1,0,0,0,0.0,0,,,,2016,t20_wc_2016_deliveries.csv,9,5,1,0,1,76,4,59,61,6,7.728813559322034,7.728813559322034,37.0,ZIM,159.0,158.0,144.0,,,1.6711864406779662,156.2927421690185,
1,2016,Middle Overs,1,2016-03-08,"Vidarbha Cricket Association Stadium, Jamtha",ZIM,HK,1,9.6,V Sibanda,RJ Campbell,1,0,0,0,0.0,0,,,,2016,t20_wc_2016_deliveries.csv,9,6,1,0,1,77,4,60,60,6,7.7,7.7,34.0,ZIM,159.0,158.0,144.0,,,1.6999999999999995,155.24767569758345,
1,2016,Middle Overs,1,2016-03-08,"Vidarbha Cricket Association Stadium, Jamtha",ZIM,HK,1,10.1,V Sibanda,Aizaz Khan,1,0,0,0,0.0,0,,,,2016,t20_wc_2016_deliveries.csv,10,1,1,0,1,78,4,61,59,6,7.672131147540983,7.672131147540983,34.0,ZIM,159.0,158.0,144.0,,,1.727868852459017,155.24767569758345,
1,2016,Middle Overs,1,2016-03-08,"Vidarbha Cricket Association Stadium, Jamtha",ZIM,HK,1,10.2,MN Waller,Aizaz Khan,0,0,0,0,0.0,0,,,,2016,t20_wc_2016_deliveries.csv,10,2,0,0,1,78,4,62,58,6,7.548387096774194,7.548387096774194,32.0,ZIM,159.0,158.0,144.0,,,1.851612903225806,153.5665344777,
1,2016,Middle Overs,1,2016-03-08,"Vidarbha Cricket Association Stadium, Jamtha",ZIM,HK,1,10.3,MN Waller,Aizaz Khan,1,0,0,0,0.0,0,,,,2016,t20_wc_2016_deliveries.csv,10,3,1,0,1,79,4,63,57,6,7.523809523809524,7.523809523809524,29.0,ZIM,159.0,158.0,144.0,,,1.876190476190476,153.5665344777,
1,2016,Middle Overs,1,2016-03-08,"Vidarbha Cricket Association Stadium, Jamtha",ZIM,HK,1,10.4,V Sibanda,Aizaz Khan,1,0,0,0,0.0,0,,,,2016,t20_wc_2016_deliveries.csv,10,4,1,0,1,80,4,64,56,6,7.5,7.5,29.0,ZIM,159.0,158.0,144.0,,,1.9,153.5665344777,
1,2016,Middle Overs,1,2016-03-08,"Vidarbha Cricket Association Stadium, Jamtha",ZIM,HK,1,10.5,MN Waller,Aizaz Khan,2,0,0,0,0.0,0,,,,2016,t20_wc_2016_deliveries.csv,10,5,2,0,1,82,4,65,55,6,7.569230769230769,7.569230769230769,30.0,ZIM,159.0,158.0,144.0,,,1.830769230769231,153.5665344777,
1,2016,Middle Overs,1,2016-03-08,"Vidarbha Cricket Association Stadium, Jamtha",ZIM,HK,1,10.6,MN Waller,Aizaz Khan,0,1,1,0,0.0,0,,,,2016,t20_wc_2016_deliveries.csv,10,6,1,0,0,83,4,65,55,6,7.661538461538462,7.661538461538462,30.0,ZIM,159.0,158.0,144.0,,,1.738461538461538,153.5665344777,
1,2016,Middle Overs,1,2016-03-08,"Vidarbha Cricket Association Stadium, Jamtha",ZIM,HK,1,10.6,MN Waller,Aizaz Khan,1,0,0,0,0.0,0,,,,2016,t20_wc_2016_deliveries.csv,10,6,1,0,1,84,4,66,54,6,7.636363636363637,7.636363636363637,31.0,ZIM,159.0,158.0,144.0,,,1.7636363636363632,153.5665344777,
1,2016,Middle Overs,1,2016-03-08,"Vidarbha Cricket Association Stadium, Jamtha",ZIM,HK,1,11.1,MN Waller,RJ Campbell,2,0,0,0,0.0,0,,,,2016,t20_wc_2016_deliveries.csv,11,1,2,0,1,86,4,67,53,6,7.701492537313433,7.701492537313433,33.0,ZIM,159.0,158.0,144.0,,,1.698507462686567,153.7730385922808,
1,2016,Middle Overs,1,2016-03-08,"Vidarbha Cricket Association Stadium, Jamtha",ZIM,HK,1,11.2,MN Waller,RJ Campbell,1,0,0,0,0.0,0,,,,2016,t20_wc_2016_deliveries.csv,11,2,1,0,1,87,4,68,52,6,7.676470588235294,7.676470588235294,33.0,ZIM,159.0,158.0,144.0,,,1.7235294117647055,153.7730385922808,
1,2016,Middle Overs,1,2016-03-08,"Vidarbha Cricket Association Stadium, Jamtha",ZIM,HK,1,11.3,V Sibanda,RJ Campbell,0,0,0,0,0.0,0,,,,2016,t20_wc_2016_deliveries.csv,11,3,0,0,1,87,4,69,51,6,7.565217391304348,7.565217391304348,31.0,ZIM,159.0,158.0,144.0,,,1.834782608695652,153.7730385922808,
1,2016,Middle Overs,1,2016-03-08,"Vidarbha Cricket Association Stadium, Jamtha",ZIM,HK,1,11.4,V Sibanda,RJ Campbell,0,1,1,0,0.0,0,,,,2016,t20_wc_2016_deliveries.csv,11,4,1,0,0,88,4,69,51,6,7.6521739130434785,7.6521739130434785,32.0,ZIM,159.0,158.0,144.0,,,1.7478260869565214,153.7730385922808,
1,2016,Middle Overs,1,2016-03-08,"Vidarbha Cricket Association Stadium, Jamtha",ZIM,HK,1,11.4,V Sibanda,RJ Campbell,2,0,0,0,0.0,0,,,,2016,t20_wc_2016_deliveries.csv,11,4,2,0,1,90,4,70,50,6,7.714285714285714,7.714285714285714,33.0,ZIM,159.0,158.0,144.0,,,1.6857142857142855,153.7730385922808,
1,2016,Middle Overs,1,2016-03-08,"Vidarbha Cricket Association Stadium, Jamtha",ZIM,HK,1,11.5,V Sibanda,RJ Campbell,0,0,0,0,0.0,0,,,,2016,t20_wc_2016_deliveries.csv,11,5,0,0,1,90,4,71,49,6,7.605633802816901,7.605633802816901,32.0,ZIM,159.0,158.0,144.0,,,1.7943661971830989,153.7730385922808,
1,2016,Middle Overs,1,2016-03-08,"Vidarbha Cricket Association Stadium, Jamtha",ZIM,HK,1,11.6,V Sibanda,RJ Campbell,2,0,0,0,0.0,0,,,,2016,t20_wc_2016_deliveries.csv,11,6,2,0,1,92,4,72,48,6,7.666666666666667,7.666666666666667,33.0,ZIM,159.0,158.0,144.0,,,1.733333333333333,153.7730385922808,
1,2016,Middle Overs,1,2016-03-08,"Vidarbha Cricket Association Stadium, Jamtha",ZIM,HK,1,12.1,MN Waller,Nadeem Ahmed,0,0,0,0,0.0,0,,,,2016,t20_wc_2016_deliveries.csv,12,1,0,0,1,92,4,73,47,6,7.561643835616438,7.561643835616438,32.0,ZIM,159.0,158.0,144.0,,,1.8383561643835613,153.7730385922808,
1,2016,Middle Overs,1,2016-03-08,"Vidarbha Cricket Association Stadium, Jamtha",ZIM,HK,1,12.2,MN Waller,Nadeem Ahmed,1,0,0,0,0.0,0,,,,2016,t20_wc_2016_deliveries.csv,12,2,1,0,1,93,4,74,46,6,7.54054054054054,7.54054054054054,32.0,ZIM,159.0,158.0,144.0,,,1.85945945945946,153.7730385922808,
1,2016,Middle Overs,1,2016-03-08,"Vidarbha Cricket Association Stadium, Jamtha",ZIM,HK,1,12.3,V Sibanda,Nadeem Ahmed,0,0,0,0,0.0,0,,,,2016,t20_wc_2016_deliveries.csv,12,3,0,0,1,93,4,75,45,6,7.44,7.44,31.0,ZIM,159.0,158.0,144.0,,,1.9599999999999995,152.322833038016,
1,2016,Middle Overs,1,2016-03-08,"Vidarbha Cricket Association Stadium, Jamtha",ZIM,HK,1,12.4,V Sibanda,Nadeem Ahmed,1,0,0,0,0.0,0,,,,2016,t20_wc_2016_deliveries.csv,12,4,1,0,1,94,4,76,44,6,7.421052631578948,7.421052631578948,31.0,ZIM,159.0,158.0,144.0,,,1.978947368421052,152.322833038016,
1,2016,Middle Overs,1,2016-03-08,"Vidarbha Cricket Association Stadium, Jamtha",ZIM,HK,1,12.5,MN Waller,Nadeem Ahmed,1,0,0,0,0.0,0,,,,2016,t20_wc_2016_deliveries.csv,12,5,1,0,1,95,4,77,43,6,7.402597402597403,7.402597402597403,31.0,ZIM,159.0,158.0,144.0,,,1.9974025974025973,152.322833038016,
1,2016,Middle Overs,1,2016-03-08,"Vidarbha Cricket Association Stadium, Jamtha",ZIM,HK,1,12.6,V Sibanda,Nadeem Ahmed,0,0,0,0,0.0,0,,,,2016,t20_wc_2016_deliveries.csv,12,6,0,0,1,95,4,78,42,6,7.3076923076923075,7.3076923076923075,31.0,ZIM,159.0,158.0,144.0,,,2.0923076923076924,152.322833038016,
1,2016,Middle Overs,1,2016-03-08,"Vidarbha Cricket Association Stadium, Jamtha",ZIM,HK,1,13.1,MN Waller,RJ Campbell,1,0,0,0,0.0,0,,,,2016,t20_wc_2016_deliveries.csv,13,1,1,0,1,96,4,79,41,6,7.291139240506329,7.291139240506329,32.0,ZIM,159.0,158.0,144.0,,,2.108860759493671,152.322833038016,
1,2016,Middle Overs,1,2016-03-08,"Vidarbha Cricket Association Stadium, Jamtha",ZIM,HK,1,13.2,V Sibanda,RJ Campbell,1,0,0,0,0.0,0,,,,2016,t20_wc_2016_deliveries.csv,13,2,1,0,1,97,4,80,40,6,7.275,7.275,32.0,ZIM,159.0,158.0,144.0,,,2.125,152.322833038016,
1,2016,Middle Overs,1,2016-03-08,"Vidarbha Cricket Association Stadium, Jamtha",ZIM,HK,1,13.3,MN Waller,RJ Campbell,0,0,0,0,0.0,0,,,,2016,t20_wc_2016_deliveries.csv,13,3,0,0,1,97,4,81,39,6,7.185185185185185,7.185185185185185,28.0,ZIM,159.0,158.0,144.0,,,2.214814814814815,152.322833038016,
1,2016,Middle Overs,1,2016-03-08,"Vidarbha Cricket Association Stadium, Jamtha",ZIM,HK,1,13.4,MN Waller,RJ Campbell,1,0,0,0,0.0,0,,,,2016,t20_wc_2016_deliveries.csv,13,4,1,0,1,98,4,82,38,6,7.170731707317073,7.170731707317073,27.0,ZIM,159.0,158.0,144.0,,,2.2292682926829266,152.322833038016,
1,2016,Middle Overs,1,2016-03-08,"Vidarbha Cricket Association Stadium, Jamtha",ZIM,HK,1,13.5,V Sibanda,RJ Campbell,1,0,0,0,0.0,0,,,,2016,t20_wc_2016_deliveries.csv,13,5,1,0,1,99,4,83,37,6,7.156626506024097,7.156626506024097,24.0,ZIM,159.0,158.0,144.0,,,2.243373493975904,152.322833038016,
1,2016,Middle Overs,1,2016-03-08,"Vidarbha Cricket Association Stadium, Jamtha",ZIM,HK,1,13.6,MN Waller,RJ Campbell,2,0,0,0,0.0,0,,,,2016,t20_wc_2016_deliveries.csv,13,6,2,0,1,101,4,84,36,6,7.214285714285714,7.214285714285714,26.0,ZIM,159.0,158.0,144.0,,,2.185714285714285,152.322833038016,
1,2016,Middle Overs,1,2016-03-08,"Vidarbha Cricket Association Stadium, Jamtha",ZIM,HK,1,14.1,V Sibanda,Nadeem Ahmed,0,0,0,0,0.0,0,,,,2016,t20_wc_2016_deliveries.csv,14,1,0,0,1,101,4,85,35,6,7.129411764705883,7.129411764705883,26.0,ZIM,159.0,158.0,144.0,,,2.270588235294117,152.322833038016,
1,2016,Middle Overs,1,2016-03-08,"Vidarbha Cricket Association Stadium, Jamtha",ZIM,HK,1,14.2,V Sibanda,Nadeem Ahmed,6,0,0,0,0.0,0,,,,2016,t20_wc_2016_deliveries.csv,14,2,6,0,1,107,4,86,34,6,7.465116279069767,7.465116279069767,32.0,ZIM,159.0,158.0,144.0,,,1.9348837209302323,154.29650297290385,
1,2016,Middle Overs,1,2016-03-08,"Vidarbha Cricket Association Stadium, Jamtha",ZIM,HK,1,14.3,V Sibanda,Nadeem Ahmed,0,0,0,0,0.0,0,,,,2016,t20_wc_2016_deliveries.csv,14,3,0,0,1,107,4,87,33,6,7.379310344827586,7.379310344827586,31.0,ZIM,159.0,158.0,144.0,,,2.0206896551724136,152.84629741863904,
1,2016,Middle Overs,1,2016-03-08,"Vidarbha Cricket Association Stadium, Jamtha",ZIM,HK,1,14.4,V Sibanda,Nadeem Ahmed,1,0,0,0,0.0,0,,,,2016,t20_wc_2016_deliveries.csv,14,4,1,0,1,108,4,88,32,6,7.363636363636363,7.363636363636363,31.0,ZIM,159.0,158.0,144.0,,,2.0363636363636366,152.84629741863904,
1,2016,Middle Overs,1,2016-03-08,"Vidarbha Cricket Association Stadium, Jamtha",ZIM,HK,1,14.5,MN Waller,Nadeem Ahmed,2,0,0,0,0.0,0,,,,2016,t20_wc_2016_deliveries.csv,14,5,2,0,1,110,4,89,31,6,7.415730337078652,7.415730337078652,32.0,ZIM,159.0,158.0,144.0,,,1.984269662921348,152.84629741863904,
1,2016,Middle Overs,1,2016-03-08,"Vidarbha Cricket Association Stadium, Jamtha",ZIM,HK,1,14.6,MN Waller,Nadeem Ahmed,1,0,0,0,0.0,0,,,,2016,t20_wc_2016_deliveries.csv,14,6,1,0,1,111,4,90,30,6,7.4,7.4,33.0,ZIM,159.0,158.0,144.0,,,2.0,152.84629741863904,
1,2016,Middle Overs,1,2016-03-08,"Vidarbha Cricket Association Stadium, Jamtha",ZIM,HK,1,15.1,MN Waller,Anshuman Rath,1,1,0,0,0.0,1,,,,2016,t20_wc_2016_deliveries.csv,15,1,2,0,0,113,4,90,30,6,7.533333333333333,7.533333333333333,34.0,ZIM,159.0,158.0,144.0,,,1.8666666666666667,155.9776441927873,
1,2016,Death Overs,1,2016-03-08,"Vidarbha Cricket Association Stadium, Jamtha",ZIM,HK,1,15.1,V Sibanda,Anshuman Rath,1,0,0,0,0.0,0,,,,2016,t20_wc_2016_deliveries.csv,15,1,1,0,1,114,4,91,29,6,7.516483516483516,7.516483516483516,34.0,ZIM,159.0,158.0,144.0,,,1.8835164835164837,155.9776441927873,
1,2016,Death Overs,1,2016-03-08,"Vidarbha Cricket Association Stadium, Jamtha",ZIM,HK,1,15.2,MN Waller,Anshuman Rath,2,0,0,0,0.0,0,,,,2016,t20_wc_2016_deliveries.csv,15,2,2,0,1,116,4,92,28,6,7.565217391304348,7.565217391304348,34.0,ZIM,159.0,158.0,144.0,,,1.834782608695652,155.9776441927873,
1,2016,Death Overs,1,2016-03-08,"Vidarbha Cricket Association Stadium, Jamtha",ZIM,HK,1,15.3,MN Waller,Anshuman Rath,0,0,0,0,0.0,0,,,,2016,t20_wc_2016_deliveries.csv,15,3,0,0,1,116,4,93,27,6,7.483870967741935,7.483870967741935,33.0,ZIM,159.0,158.0,144.0,,,1.9161290322580649,154.29650297290385,
1,2016,Death Overs,1,2016-03-08,"Vidarbha Cricket Association Stadium, Jamtha",ZIM,HK,1,15.4,MN Waller,Anshuman Rath,0,0,0,0,0.0,0,,,,2016,t20_wc_2016_deliveries.csv,15,4,0,0,1,116,4,94,26,6,7.404255319148936,7.404255319148936,32.0,ZIM,159.0,158.0,144.0,,,1.995744680851064,152.84629741863904,
1,2016,Death Overs,1,2016-03-08,"Vidarbha Cricket Association Stadium, Jamtha",ZIM,HK,1,15.5,MN Waller,Anshuman Rath,1,0,0,0,0.0,0,,,,2016,t20_wc_2016_deliveries.csv,15,5,1,0,1,117,4,95,25,6,7.389473684210526,7.389473684210526,31.0,ZIM,159.0,158.0,144.0,,,2.0105263157894737,152.84629741863904,
1,2016,Death Overs,1,2016-03-08,"Vidarbha Cricket Association Stadium, Jamtha",ZIM,HK,1,15.6,V Sibanda,Anshuman Rath,6,0,0,0,0.0,0,,,,2016,t20_wc_2016_deliveries.csv,15,6,6,0,1,123,4,96,24,6,7.6875,7.6875,36.0,ZIM,159.0,158.0,144.0,,,1.7125,155.9776441927873,
1,2016,Death Overs,1,2016-03-08,"Vidarbha Cricket Association Stadium, Jamtha",ZIM,HK,1,16.1,MN Waller,Aizaz Khan,0,0,0,0,0.0,0,caught,MN Waller,KD Shah,2016,t20_wc_2016_deliveries.csv,16,1,0,1,1,123,5,97,23,5,7.608247422680412,7.608247422680412,36.0,ZIM,159.0,158.0,144.0,,,2.141752577319588,155.9776441927873,
1,2016,Death Overs,1,2016-03-08,"Vidarbha Cricket Association Stadium, Jamtha",ZIM,HK,1,16.2,V Sibanda,Aizaz Khan,1,0,0,0,0.0,0,,,,2016,t20_wc_2016_deliveries.csv,16,2,1,0,1,124,5,98,22,5,7.591836734693878,7.591836734693878,36.0,ZIM,159.0,158.0,144.0,,,2.158163265306122,155.9776441927873,
1,2016,Death Overs,1,2016-03-08,"Vidarbha Cricket Association Stadium, Jamtha",ZIM,HK,1,16.3,E Chigumbura,Aizaz Khan,1,0,0,0,0.0,0,,,,2016,t20_wc_2016_deliveries.csv,16,3,1,0,1,125,5,99,21,5,7.575757575757576,7.575757575757576,35.0,ZIM,159.0,158.0,144.0,,,2.174242424242424,155.9776441927873,
1,2016,Death Overs,1,2016-03-08,"Vidarbha Cricket Association Stadium, Jamtha",ZIM,HK,1,16.4,V Sibanda,Aizaz Khan,0,0,0,0,0.0,0,caught,V Sibanda,MS Chapman,2016,t20_wc_2016_deliveries.csv,16,4,0,1,1,125,6,100,20,4,7.5,7.5,35.0,ZIM,159.0,158.0,144.0,,,2.6,151.86085412082488,
1,2016,Death Overs,1,2016-03-08,"Vidarbha Cricket Association Stadium, Jamtha",ZIM,HK,1,16.5,E Chigumbura,Aizaz Khan,1,0,0,0,0.0,0,,,,2016,t20_wc_2016_deliveries.csv,16,5,1,0,1,126,6,101,19,4,7.485148514851486,7.485148514851486,34.0,ZIM,159.0,158.0,144.0,,,2.614851485148514,151.86085412082488,
1,2016,Death Overs,1,2016-03-08,"Vidarbha Cricket Association Stadium, Jamtha",ZIM,HK,1,16.6,DT Tiripano,Aizaz Khan,0,0,0,0,0.0,0,,,,2016,t20_wc_2016_deliveries.csv,16,6,0,0,1,126,6,102,18,4,7.411764705882353,7.411764705882353,34.0,ZIM,159.0,158.0,144.0,,,2.6882352941176464,150.41064856656007,
1,2016,Death Overs,1,2016-03-08,"Vidarbha Cricket Association Stadium, Jamtha",ZIM,HK,1,17.1,E Chigumbura,Nadeem Ahmed,1,0,0,0,0.0,0,,,,2016,t20_wc_2016_deliveries.csv,17,1,1,0,1,127,6,103,17,4,7.398058252427185,7.398058252427185,34.0,ZIM,159.0,158.0,144.0,,,2.701941747572815,150.41064856656007,
1,2016,Death Overs,1,2016-03-08,"Vidarbha Cricket Association Stadium, Jamtha",ZIM,HK,1,17.2,DT Tiripano,Nadeem Ahmed,0,0,0,0,0.0,0,lbw,DT Tiripano,,2016,t20_wc_2016_deliveries.csv,17,2,0,1,1,127,7,104,16,3,7.326923076923077,7.326923076923077,34.0,ZIM,159.0,158.0,144.0,,,3.123076923076923,147.04323244770538,
1,2016,Death Overs,1,2016-03-08,"Vidarbha Cricket Association Stadium, Jamtha",ZIM,HK,1,17.3,WP Masakadza,Nadeem Ahmed,0,0,0,0,0.0,0,,,,2016,t20_wc_2016_deliveries.csv,17,3,0,0,1,127,7,105,15,3,7.257142857142857,7.257142857142857,33.0,ZIM,159.0,158.0,144.0,,,3.1928571428571426,145.36209122782194,
1,2016,Death Overs,1,2016-03-08,"Vidarbha Cricket Association Stadium, Jamtha",ZIM,HK,1,17.4,WP Masakadza,Nadeem Ahmed,0,0,0,0,0.0,0,,,,2016,t20_wc_2016_deliveries.csv,17,4,0,0,1,127,7,106,14,3,7.188679245283019,7.188679245283019,32.0,ZIM,159.0,158.0,144.0,,,3.2613207547169805,143.0285020476108,
1,2016,Death Overs,1,2016-03-08,"Vidarbha Cricket Association Stadium, Jamtha",ZIM,HK,1,17.5,WP Masakadza,Nadeem Ahmed,1,0,0,0,0.0,0,,,,2016,t20_wc_2016_deliveries.csv,17,5,1,0,1,128,7,107,13,3,7.177570093457944,7.177570093457944,33.0,ZIM,159.0,158.0,144.0,,,3.272429906542056,143.0285020476108,
1,2016,Death Overs,1,2016-03-08,"Vidarbha Cricket Association Stadium, Jamtha",ZIM,HK,1,17.6,E Chigumbura,Nadeem Ahmed,1,0,0,0,0.0,0,,,,2016,t20_wc_2016_deliveries.csv,17,6,1,0,1,129,7,108,12,3,7.166666666666667,7.166666666666667,33.0,ZIM,159.0,158.0,144.0,,,3.2833333333333328,143.0285020476108,
1,2016,Death Overs,1,2016-03-08,"Vidarbha Cricket Association Stadium, Jamtha",ZIM,HK,1,18.1,E Chigumbura,Aizaz Khan,1,0,0,0,0.0,0,,,,2016,t20_wc_2016_deliveries.csv,18,1,1,0,1,130,7,109,11,3,7.155963302752293,7.155963302752293,33.0,ZIM,159.0,158.0,144.0,,,3.2940366972477064,143.0285020476108,
1,2016,Death Overs,1,2016-03-08,"Vidarbha Cricket Association Stadium, Jamtha",ZIM,HK,1,18.2,WP Masakadza,Aizaz Khan,0,0,0,0,0.0,0,,,,2016,t20_wc_2016_deliveries.csv,18,2,0,0,1,130,7,110,10,3,7.090909090909091,7.090909090909091,33.0,ZIM,159.0,158.0,144.0,,,3.359090909090909,141.90936611517753,
1,2016,Death Overs,1,2016-03-08,"Vidarbha Cricket Association Stadium, Jamtha",ZIM,HK,1,18.3,WP Masakadza,Aizaz Khan,1,0,0,0,0.0,0,,,,2016,t20_wc_2016_deliveries.csv,18,3,1,0,1,131,7,111,9,3,7.081081081081081,7.081081081081081,33.0,ZIM,159.0,158.0,144.0,,,3.368918918918919,140.06390491967335,
1,2016,Death Overs,1,2016-03-08,"Vidarbha Cricket Association Stadium, Jamtha",ZIM,HK,1,18.4,E Chigumbura,Aizaz Khan,6,0,0,0,0.0,0,,,,2016,t20_wc_2016_deliveries.csv,18,4,6,0,1,137,7,112,8,3,7.339285714285714,7.339285714285714,38.0,ZIM,159.0,158.0,144.0,,,3.1107142857142853,147.04323244770538,
1,2016,Death Overs,1,2016-03-08,"Vidarbha Cricket Association Stadium, Jamtha",ZIM,HK,1,18.5,E Chigumbura,Aizaz Khan,6,0,0,0,0.0,0,,,,2016,t20_wc_2016_deliveries.csv,18,5,6,0,1,143,7,113,7,3,7.592920353982301,7.592920353982301,42.0,ZIM,159.0,158.0,144.0,,,2.857079646017699,151.86085412082488,
1,2016,Death Overs,1,2016-03-08,"Vidarbha Cricket Association Stadium, Jamtha",ZIM,HK,1,18.6,E Chigumbura,Aizaz Khan,1,0,0,0,0.0,0,,,,2016,t20_wc_2016_deliveries.csv,18,6,1,0,1,144,7,114,6,3,7.578947368421052,7.578947368421052,43.0,ZIM,159.0,158.0,144.0,,,2.8710526315789475,151.86085412082488,
1,2016,Death Overs,1,2016-03-08,"Vidarbha Cricket Association Stadium, Jamtha",ZIM,HK,1,19.1,E Chigumbura,Haseeb Amjad,1,0,0,0,0.0,0,run out,WP Masakadza,Haseeb Amjad,2016,t20_wc_2016_deliveries.csv,19,1,1,1,1,145,8,115,5,2,7.565217391304348,7.565217391304348,38.0,ZIM,159.0,158.0,144.0,,,3.234782608695652,145,
1,2016,Death Overs,1,2016-03-08,"Vidarbha Cricket Association Stadium, Jamtha",ZIM,HK,1,19.2,E Chigumbura,Haseeb Amjad,1,0,0,0,0.0,0,,,,2016,t20_wc_2016_deliveries.csv,19,2,1,0,1,146,8,116,4,2,7.551724137931035,7.551724137931035,39.0,ZIM,159.0,158.0,144.0,,,3.248275862068965,146,
1,2016,Death Overs,1,2016-03-08,"Vidarbha Cricket Association Stadium, Jamtha",ZIM,HK,1,19.3,T Panyangara,Haseeb Amjad,0,1,1,0,0.0,0,,,,2016,t20_wc_2016_deliveries.csv,19,3,1,0,0,147,8,116,4,2,7.603448275862069,7.603448275862069,39.0,ZIM,159.0,158.0,144.0,,,3.1965517241379304,147.04323244770538,
1,2016,Death Overs,1,2016-03-08,"Vidarbha Cricket Association Stadium, Jamtha",ZIM,HK,1,19.3,T Panyangara,Haseeb Amjad,0,1,0,0,1.0,0,,,,2016,t20_wc_2016_deliveries.csv,19,3,1,0,1,148,8,117,3,2,7.589743589743589,7.589743589743589,38.0,ZIM,159.0,158.0,144.0,,,3.2102564102564104,148,
1,2016,Death Overs,1,2016-03-08,"Vidarbha Cricket Association Stadium, Jamtha",ZIM,HK,1,19.4,E Chigumbura,Haseeb Amjad,2,0,0,0,0.0,0,,,,2016,t20_wc_2016_deliveries.csv,19,4,2,0,1,150,8,118,2,2,7.627118644067797,7.627118644067797,39.0,ZIM,159.0,158.0,144.0,,,3.172881355932203,150,
1,2016,Death Overs,1,2016-03-08,"Vidarbha Cricket Association Stadium, Jamtha",ZIM,HK,1,19.5,E Chigumbura,Haseeb Amjad,6,0,0,0,0.0,0,,,,2016,t20_wc_2016_deliveries.csv,19,5,6,0,1,156,8,119,1,2,7.865546218487394,7.865546218487394,43.0,ZIM,159.0,158.0,144.0,,,2.9344537815126053,156,
1,2016,Death Overs,1,2016-03-08,"Vidarbha Cricket Association Stadium, Jamtha",ZIM,HK,1,19.6,E Chigumbura,Haseeb Amjad,2,0,0,0,0.0,0,,,,2016,t20_wc_2016_deliveries.csv,19,6,2,0,1,158,8,120,0,2,7.9,7.9,44.0,ZIM,159.0,158.0,144.0,,,2.8999999999999995,158,
1,2016,Powerplay,1,2016-03-08,"Vidarbha Cricket Association Stadium, Jamtha",HK,ZIM,2,0.1,JJ Atkinson,T Panyangara,0,0,0,0,0.0,0,,,,2016,t20_wc_2016_deliveries.csv,0,1,0,0,1,0,0,1,119,10,0.0,0.0,0.0,ZIM,159.0,158.0,144.0,159.0,8.016806722689076,8.016806722689076,142.29417088864946,11.708534691184443
1,2016,Powerplay,1,2016-03-08,"Vidarbha Cricket Association Stadium, Jamtha",HK,ZIM,2,0.2,JJ Atkinson,T Panyangara,1,0,0,0,0.0,0,,,,2016,t20_wc_2016_deliveries.csv,0,2,1,0,1,1,0,2,118,10,3.0,3.0,1.0,ZIM,159.0,158.0,144.0,158.0,8.033898305084746,5.033898305084746,142.25796597127456,16.742462280282908
1,2016,Powerplay,1,2016-03-08,"Vidarbha Cricket Association Stadium, Jamtha",HK,ZIM,2,0.3,RJ Campbell,T Panyangara,0,0,0,0,0.0,0,,,,2016,t20_wc_2016_deliveries.csv,0,3,0,0,1,1,0,3,117,10,2.0,2.0,1.0,ZIM,159.0,158.0,144.0,158.0,8.102564102564102,6.102564102564102,142.46957433410793,12.317138046315058
1,2016,Powerplay,1,2016-03-08,"Vidarbha Cricket Association Stadium, Jamtha",HK,ZIM,2,0.4,RJ Campbell,T Panyangara,0,0,0,0,0.0,0,,,,2016,t20_wc_2016_deliveries.csv,0,4,0,0,1,1,0,4,116,10,1.5,1.5,1.0,ZIM,159.0,158.0,144.0,158.0,8.172413793103448,6.672413793103448,142.517253283095,12.317138046315058
1,2016,Powerplay,1,2016-03-08,"Vidarbha Cricket Association Stadium, Jamtha",HK,ZIM,2,0.5,RJ Campbell,T Panyangara,0,0,0,0,0.0,0,,,,2016,t20_wc_2016_deliveries.csv,0,5,0,0,1,1,0,5,115,10,1.2,1.2,1.0,ZIM,159.0,158.0,144.0,158.0,8.243478260869566,7.043478260869565,142.43280138760812,12.317138046315058
1,2016,Powerplay,1,2016-03-08,"Vidarbha Cricket Association Stadium, Jamtha",HK,ZIM,2,0.6,RJ Campbell,T Panyangara,1,0,0,0,0.0,0,,,,2016,t20_wc_2016_deliveries.csv,0,6,1,0,1,2,0,6,114,10,2.0,2.0,2.0,ZIM,159.0,158.0,144.0,157.0,8.263157894736842,6.2631578947368425,142.56719542790069,12.317138046315058
1,2016,Powerplay,1,2016-03-08,"Vidarbha Cricket Association Stadium, Jamtha",HK,ZIM,2,1.1,RJ Campbell,DT Tiripano,0,0,0,0,0.0,0,,,,2016,t20_wc_2016_deliveries.csv,1,1,0,0,1,2,0,7,113,10,1.7142857142857142,1.7142857142857142,2.0,ZIM,159.0,158.0,144.0,157.0,8.336283185840708,6.621997471554994,142.48958687973214,12.317138046315058
1,2016,Powerplay,1,2016-03-08,"Vidarbha Cricket Association Stadium, Jamtha",HK,ZIM,2,1.2,RJ Campbell,DT Tiripano,1,0,0,0,0.0,0,,,,2016,t20_wc_2016_deliveries.csv,1,2,1,0,1,3,0,8,112,10,2.25,2.25,3.0,ZIM,159.0,158.0,144.0,156.0,8.357142857142858,6.107142857142858,142.61065195813734,12.317138046315058
1,2016,Powerplay,1,2016-03-08,"Vidarbha Cricket Association Stadium, Jamtha",HK,ZIM,2,1.3,JJ Atkinson,DT Tiripano,0,1,0,1,0.0,0,,,,2016,t20_wc_2016_deliveries.csv,1,3,1,0,1,4,0,9,111,10,2.6666666666666665,2.6666666666666665,4.0,ZIM,159.0,158.0,144.0,155.0,8.378378378378379,5.711711711711713,142.55006469175194,15.108613977615285
1,2016,Powerplay,1,2016-03-08,"Vidarbha Cricket Association Stadium, Jamtha",HK,ZIM,2,1.4,RJ Campbell,DT Tiripano,0,0,0,0,0.0,0,,,,2016,t20_wc_2016_deliveries.csv,1,4,0,0,1,4,0,10,110,10,2.4,2.4,4.0,ZIM,159.0,158.0,144.0,155.0,8.454545454545455,6.054545454545455,142.67387190310734,12.317138046315058
1,2016,Powerplay,1,2016-03-08,"Vidarbha Cricket Association Stadium, Jamtha",HK,ZIM,2,1.5,RJ Campbell,DT Tiripano,1,0,0,0,0.0,0,,,,2016,t20_wc_2016_deliveries.csv,1,5,1,0,1,5,0,11,109,10,2.727272727272727,2.727272727272727,5.0,ZIM,159.0,158.0,144.0,154.0,8.477064220183486,5.749791492910759,142.67875652302214,13.597167482960698
1,2016,Powerplay,1,2016-03-08,"Vidarbha Cricket Association Stadium, Jamtha",HK,ZIM,2,1.6,JJ Atkinson,DT Tiripano,0,0,0,0,0.0,0,,,,2016,t20_wc_2016_deliveries.csv,1,6,0,0,1,5,0,12,108,10,2.5,2.5,5.0,ZIM,159.0,158.0,144.0,154.0,8.555555555555555,6.055555555555555,142.68337346398738,12.317138046315058
1,2016,Powerplay,1,2016-03-08,"Vidarbha Cricket Association Stadium, Jamtha",HK,ZIM,2,2.1,RJ Campbell,T Panyangara,0,0,0,0,0.0,0,,,,2016,t20_wc_2016_deliveries.csv,2,1,0,0,1,5,0,13,107,10,2.3076923076923075,2.3076923076923075,5.0,ZIM,159.0,158.0,144.0,154.0,8.63551401869159,6.327821710999282,142.72623373338877,12.317138046315058
1,2016,Powerplay,1,2016-03-08,"Vidarbha Cricket Association Stadium, Jamtha",HK,ZIM,2,2.2,RJ Campbell,T Panyangara,0,0,0,0,0.0,0,,,,2016,t20_wc_2016_deliveries.csv,2,2,0,0,1,5,0,14,106,10,2.142857142857143,2.142857142857143,5.0,ZIM,159.0,158.0,144.0,154.0,8.716981132075471,6.574123989218329,142.74481955430664,12.317138046315058
1,2016,Powerplay,1,2016-03-08,"Vidarbha Cricket Association Stadium, Jamtha",HK,ZIM,2,2.3,RJ Campbell,T Panyangara,0,0,0,0,0.0,0,,,,2016,t20_wc_2016_deliveries.csv,2,3,0,0,1,5,0,15,105,10,2.0,2.0,5.0,ZIM,159.0,158.0,144.0,154.0,8.8,6.800000000000001,142.83786810753156,12.317138046315058
1,2016,Powerplay,1,2016-03-08,"Vidarbha Cricket Association Stadium, Jamtha",HK,ZIM,2,2.4,RJ Campbell,T Panyangara,4,0,0,0,0.0,0,,,,2016,t20_wc_2016_deliveries.csv,2,4,4,0,1,9,0,16,104,10,3.375,3.375,9.0,ZIM,159.0,158.0,144.0,150.0,8.653846153846153,5.278846153846153,142.5183430297185,16.318301798984447
1,2016,Powerplay,1,2016-03-08,"Vidarbha Cricket Association Stadium, Jamtha",HK,ZIM,2,2.5,RJ Campbell,T Panyangara,1,0,0,0,0.0,0,,,,2016,t20_wc_2016_deliveries.csv,2,5,1,0,1,10,0,17,103,10,3.5294117647058822,3.5294117647058822,10.0,ZIM,159.0,158.0,144.0,149.0,8.679611650485437,5.150199885779555,142.46935151090247,16.949230161597903
1,2016,Powerplay,1,2016-03-08,"Vidarbha Cricket Association Stadium, Jamtha",HK,ZIM,2,2.6,JJ Atkinson,T Panyangara,4,0,0,0,0.0,0,,,,2016,t20_wc_2016_deliveries.csv,2,6,4,0,1,14,0,18,102,10,4.666666666666667,4.666666666666667,14.0,ZIM,159.0,158.0,144.0,145.0,8.529411764705882,3.8627450980392153,141.99101409399972,18.876688345943467
1,2016,Powerplay,1,2016-03-08,"Vidarbha Cricket Association Stadium, Jamtha",HK,ZIM,2,3.1,RJ Campbell,TL Chatara,0,0,0,0,0.0,0,,,,2016,t20_wc_2016_deliveries.csv,3,1,0,0,1,14,0,19,101,10,4.421052631578948,4.421052631578948,14.0,ZIM,159.0,158.0,144.0,145.0,8.613861386138614,4.192808754559667,141.8924041321972,18.876688345943467
1,2016,Powerplay,1,2016-03-08,"Vidarbha Cricket Association Stadium, Jamtha",HK,ZIM,2,3.2,RJ Campbell,TL Chatara,0,0,0,0,0.0,0,,,,2016,t20_wc_2016_deliveries.csv,3,2,0,0,1,14,0,20,100,10,4.2,4.2,14.0,ZIM,159.0,158.0,144.0,145.0,8.7,4.499999999999999,141.88510524060808,18.756945017453486
1,2016,Powerplay,1,2016-03-08,"Vidarbha Cricket Association Stadium, Jamtha",HK,ZIM,2,3.3,RJ Campbell,TL Chatara,0,0,0,0,0.0,0,,,,2016,t20_wc_2016_deliveries.csv,3,3,0,0,1,14,0,21,99,10,4.0,4.0,14.0,ZIM,159.0,158.0,144.0,145.0,8.787878787878787,4.787878787878787,141.8381071994048,18.756945017453486
1,2016,Powerplay,1,2016-03-08,"Vidarbha Cricket Association Stadium, Jamtha",HK,ZIM,2,3.4,RJ Campbell,TL Chatara,0,0,0,0,0.0,0,,,,2016,t20_wc_2016_deliveries.csv,3,4,0,0,1,14,0,22,98,10,3.8181818181818175,3.8181818181818175,14.0,ZIM,159.0,158.0,144.0,145.0,8.877551020408163,5.059369202226344,141.99924176716365,16.736582042124
1,2016,Powerplay,1,2016-03-08,"Vidarbha Cricket Association Stadium, Jamtha",HK,ZIM,2,3.5,RJ Campbell,TL Chatara,1,0,0,0,0.0,0,,,,2016,t20_wc_2016_deliveries.csv,3,5,1,0,1,15,0,23,97,10,3.9130434782608696,3.9130434782608696,15.0,ZIM,159.0,158.0,144.0,144.0,8.907216494845361,4.994173016584492,142.05326750794208,16.736582042124
1,2016,Powerplay,1,2016-03-08,"Vidarbha Cricket Association Stadium, Jamtha",HK,ZIM,2,3.6,JJ Atkinson,TL Chatara,0,0,0,0,0.0,0,,,,2016,t20_wc_2016_deliveries.csv,3,6,0,0,1,15,0,24,96,10,3.75,3.75,15.0,ZIM,159.0,158.0,144.0,144.0,9.0,5.25,142.13882854156992,16.949230161597903
1,2016,Powerplay,1,2016-03-08,"Vidarbha Cricket Association Stadium, Jamtha",HK,ZIM,2,4.1,RJ Campbell,DT Tiripano,0,0,0,0,0.0,0,caught,RJ Campbell,H Masakadza,2016,t20_wc_2016_deliveries.csv,4,1,0,1,1,15,1,25,95,9,3.6,3.6,15.0,ZIM,159.0,158.0,144.0,144.0,9.094736842105265,5.994736842105263,141.82062981654278,12.317138046315058
1,2016,Powerplay,1,2016-03-08,"Vidarbha Cricket Association Stadium, Jamtha",HK,ZIM,2,4.2,Babar Hayat,DT Tiripano,0,0,0,0,0.0,0,,,,2016,t20_wc_2016_deliveries.csv,4,2,0,0,1,15,1,26,94,9,3.4615384615384617,3.4615384615384617,15.0,ZIM,159.0,158.0,144.0,144.0,9.191489361702128,6.229950900163667,141.73952005488093,12.317138046315058
1,2016,Powerplay,1,2016-03-08,"Vidarbha Cricket Association Stadium, Jamtha",HK,ZIM,2,4.3,Babar Hayat,DT Tiripano,4,0,0,0,0.0,0,,,,2016,t20_wc_2016_deliveries.csv,4,3,4,0,1,19,1,27,93,9,4.222222222222222,4.222222222222222,19.0,ZIM,159.0,158.0,144.0,140.0,9.03225806451613,5.310035842293908,141.42010946438603,16.318301798984447
1,2016,Powerplay,1,2016-03-08,"Vidarbha Cricket Association Stadium, Jamtha",HK,ZIM,2,4.4,Babar Hayat,DT Tiripano,0,0,0,0,0.0,0,,,,2016,t20_wc_2016_deliveries.csv,4,4,0,0,1,19,1,28,92,9,4.071428571428571,4.071428571428571,19.0,ZIM,159.0,158.0,144.0,140.0,9.130434782608695,5.559006211180124,141.44221219530644,15.445448598117025
1,2016,Powerplay,1,2016-03-08,"Vidarbha Cricket Association Stadium, Jamtha",HK,ZIM,2,4.5,Babar Hayat,DT Tiripano,0,0,0,0,0.0,0,,,,2016,t20_wc_2016_deliveries.csv,4,5,0,0,1,19,1,29,91,9,3.931034482758621,3.931034482758621,19.0,ZIM,159.0,158.0,144.0,140.0,9.23076923076923,5.799734748010609,141.38644713708916,12.604248595824782
1,2016,Powerplay,1,2016-03-08,"Vidarbha Cricket Association Stadium, Jamtha",HK,ZIM,2,4.6,Babar Hayat,DT Tiripano,0,0,0,0,0.0,0,,,,2016,t20_wc_2016_deliveries.csv,4,6,0,0,1,19,1,30,90,9,3.8,3.8,19.0,ZIM,159.0,158.0,144.0,140.0,9.333333333333334,6.033333333333334,141.21099647971366,12.496655768811909
1,2016,Powerplay,1,2016-03-08,"Vidarbha Cricket Association Stadium, Jamtha",HK,ZIM,2,5.1,JJ Atkinson,TL Chatara,0,0,0,0,0.0,0,,,,2016,t20_wc_2016_deliveries.csv,5,1,0,0,1,19,1,31,89,9,3.6774193548387095,3.6774193548387095,19.0,ZIM,159.0,158.0,144.0,140.0,9.438202247191011,6.260782892352301,141.09021508537134,11.441739599231546
1,2016,Powerplay,1,2016-03-08,"Vidarbha Cricket Association Stadium, Jamtha",HK,ZIM,2,5.2,JJ Atkinson,TL Chatara,4,0,0,0,0.0,0,,,,2016,t20_wc_2016_deliveries.csv,5,2,4,0,1,23,1,32,88,9,4.3125,4.3125,22.0,ZIM,159.0,158.0,144.0,136.0,9.272727272727272,5.460227272727273,141.11329832664146,16.318301798984447
1,2016,Powerplay,1,2016-03-08,"Vidarbha Cricket Association Stadium, Jamtha",HK,ZIM,2,5.3,JJ Atkinson,TL Chatara,0,0,0,0,0.0,0,,,,2016,t20_wc_2016_deliveries.csv,5,3,0,0,1,23,1,33,87,9,4.181818181818182,4.181818181818182,22.0,ZIM,159.0,158.0,144.0,136.0,9.379310344827584,5.697492163009404,141.08404544214775,15.518115234362323
1,2016,Powerplay,1,2016-03-08,"Vidarbha Cricket Association Stadium, Jamtha",HK,ZIM,2,5.4,JJ Atkinson,TL Chatara,1,0,0,0,0.0,0,,,,2016,t20_wc_2016_deliveries.csv,5,4,1,0,1,24,1,34,86,9,4.235294117647059,4.235294117647059,23.0,ZIM,159.0,158.0,144.0,135.0,9.418604651162791,5.683310533515733,140.9988502020459,14.841741819308767
1,2016,Powerplay,1,2016-03-08,"Vidarbha Cricket Association Stadium, Jamtha",HK,ZIM,2,5.5,Babar Hayat,TL Chatara,0,0,0,0,0.0,0,,,,2016,t20_wc_2016_deliveries.csv,5,5,0,0,1,24,1,35,85,9,4.114285714285714,4.114285714285714,23.0,ZIM,159.0,158.0,144.0,135.0,9.529411764705882,5.915126050420168,141.06502564933336,11.03309172669907
1,2016,Powerplay,1,2016-03-08,"Vidarbha Cricket Association Stadium, Jamtha",HK,ZIM,2,5.6,Babar Hayat,TL Chatara,0,0,0,0,0.0,0,,,,2016,t20_wc_2016_deliveries.csv,5,6,0,0,1,24,1,36,84,9,4.0,4.0,22.0,ZIM,159.0,158.0,144.0,135.0,9.642857142857142,6.142857142857142,141.0054382777314,11.03309172669907
1,2016,Middle Overs,1,2016-03-08,"Vidarbha Cricket Association Stadium, Jamtha",HK,ZIM,2,6.1,JJ Atkinson,WP Masakadza,0,0,0,0,0.0,0,,,,2016,t20_wc_2016_deliveries.csv,6,1,0,0,1,24,1,37,83,9,3.891891891891892,3.891891891891892,22.0,ZIM,159.0,158.0,144.0,135.0,9.759036144578314,6.367144252686422,140.83440771093984,11.03309172669907
1,2016,Middle Overs,1,2016-03-08,"Vidarbha Cricket Association Stadium, Jamtha",HK,ZIM,2,6.2,JJ Atkinson,WP Masakadza,4,0,0,0,0.0,0,,,,2016,t20_wc_2016_deliveries.csv,6,2,4,0,1,28,1,38,82,9,4.421052631578948,4.421052631578948,25.0,ZIM,159.0,158.0,144.0,131.0,9.585365853658535,5.664313222079589,140.9907614573752,13.88693002629123
1,2016,Middle Overs,1,2016-03-08,"Vidarbha Cricket Association Stadium, Jamtha",HK,ZIM,2,6.3,JJ Atkinson,WP Masakadza,0,0,0,0,0.0,0,,,,2016,t20_wc_2016_deliveries.csv,6,3,0,0,1,28,1,39,81,9,4.307692307692308,4.307692307692308,24.0,ZIM,159.0,158.0,144.0,131.0,9.703703703703704,5.896011396011397,140.85149338753206,11.294126656711102
1,2016,Middle Overs,1,2016-03-08,"Vidarbha Cricket Association Stadium, Jamtha",HK,ZIM,2,6.4,JJ Atkinson,WP Masakadza,1,0,0,0,0.0,0,,,,2016,t20_wc_2016_deliveries.csv,6,4,1,0,1,29,1,40,80,9,4.35,4.35,25.0,ZIM,159.0,158.0,144.0,130.0,9.75,5.9,140.9130591943571,11.03309172669907
1,2016,Middle Overs,1,2016-03-08,"Vidarbha Cricket Association Stadium, Jamtha",HK,ZIM,2,6.5,Babar Hayat,WP Masakadza,1,0,0,0,0.0,0,,,,2016,t20_wc_2016_deliveries.csv,6,5,1,0,1,30,1,41,79,9,4.390243902439025,4.390243902439025,25.0,ZIM,159.0,158.0,144.0,129.0,9.79746835443038,5.907224451991356,140.9163736706181,11.03309172669907
1,2016,Middle Overs,1,2016-03-08,"Vidarbha Cricket Association Stadium, Jamtha",HK,ZIM,2,6.6,JJ Atkinson,WP Masakadza,2,0,0,0,0.0,0,,,,2016,t20_wc_2016_deliveries.csv,6,6,2,0,1,32,1,42,78,9,4.571428571428571,4.571428571428571,27.0,ZIM,159.0,158.0,144.0,127.0,9.76923076923077,5.697802197802199,140.93192209916754,13.88693002629123
1,2016,Middle Overs,1,2016-03-08,"Vidarbha Cricket Association Stadium, Jamtha",HK,ZIM,2,7.1,Babar Hayat,SC Williams,1,0,0,0,0.0,0,,,,2016,t20_wc_2016_deliveries.csv,7,1,1,0,1,33,1,43,77,9,4.604651162790698,4.604651162790698,28.0,ZIM,159.0,158.0,144.0,126.0,9.818181818181818,5.7135306553911205,140.9392566063524,13.578625437570752
1,2016,Middle Overs,1,2016-03-08,"Vidarbha Cricket Association Stadium, Jamtha",HK,ZIM,2,7.2,JJ Atkinson,SC Williams,1,0,0,0,0.0,0,,,,2016,t20_wc_2016_deliveries.csv,7,2,1,0,1,34,1,44,76,9,4.636363636363637,4.636363636363637,29.0,ZIM,159.0,158.0,144.0,125.0,9.86842105263158,5.732057416267942,140.8782097732522,13.578625437570752
1,2016,Middle Overs,1,2016-03-08,"Vidarbha Cricket Association Stadium, Jamtha",HK,ZIM,2,7.3,Babar Hayat,SC Williams,2,0,0,0,0.0,0,,,,2016,t20_wc_2016_deliveries.csv,7,3,2,0,1,36,1,45,75,9,4.8,4.8,31.0,ZIM,159.0,158.0,144.0,123.0,9.84,5.54,141.6919437819417,14.470305931264674
1,2016,Middle Overs,1,2016-03-08,"Vidarbha Cricket Association Stadium, Jamtha",HK,ZIM,2,7.4,Babar Hayat,SC Williams,1,0,0,0,0.0,0,,,,2016,t20_wc_2016_deliveries.csv,7,4,1,0,1,37,1,46,74,9,4.826086956521739,4.826086956521739,28.0,ZIM,159.0,158.0,144.0,122.0,9.891891891891891,5.565804935370152,141.08850518763546,13.88693002629123
1,2016,Middle Overs,1,2016-03-08,"Vidarbha Cricket Association Stadium, Jamtha",HK,ZIM,2,7.5,JJ Atkinson,SC Williams,6,0,0,0,0.0,0,,,,2016,t20_wc_2016_deliveries.csv,7,5,6,0,1,43,1,47,73,9,5.48936170212766,5.48936170212766,33.0,ZIM,159.0,158.0,144.0,116.0,9.534246575342468,4.544884873214807,142.02304586415752,16.931190109140918
1,2016,Middle Overs,1,2016-03-08,"Vidarbha Cricket Association Stadium, Jamtha",HK,ZIM,2,7.6,JJ Atkinson,SC Williams,0,0,0,0,0.0,0,,,,2016,t20_wc_2016_deliveries.csv,7,6,0,0,1,43,1,48,72,9,5.375,5.375,29.0,ZIM,159.0,158.0,144.0,116.0,9.666666666666666,4.791666666666666,141.32410732845238,16.18927239838941
1,2016,Middle Overs,1,2016-03-08,"Vidarbha Cricket Association Stadium, Jamtha",HK,ZIM,2,8.1,Babar Hayat,WP Masakadza,0,0,0,0,0.0,0,lbw,Babar Hayat,,2016,t20_wc_2016_deliveries.csv,8,1,0,1,1,43,2,49,71,8,5.26530612244898,5.26530612244898,29.0,ZIM,159.0,158.0,144.0,116.0,9.80281690140845,5.53751077895947,140.31239372136733,14.470305931264674
1,2016,Middle Overs,1,2016-03-08,"Vidarbha Cricket Association Stadium, Jamtha",HK,ZIM,2,8.2,MS Chapman,WP Masakadza,0,0,0,0,0.0,0,,,,2016,t20_wc_2016_deliveries.csv,8,2,0,0,1,43,2,50,70,8,5.16,5.16,29.0,ZIM,159.0,158.0,144.0,116.0,9.942857142857145,5.782857142857143,140.19429112712342,12.198243766789883
1,2016,Middle Overs,1,2016-03-08,"Vidarbha Cricket Association Stadium, Jamtha",HK,ZIM,2,8.3,MS Chapman,WP Masakadza,1,0,0,0,0.0,0,,,,2016,t20_wc_2016_deliveries.csv,8,3,1,0,1,44,2,51,69,8,5.176470588235294,5.176470588235294,30.0,ZIM,159.0,158.0,144.0,115.0,10.0,5.823529411764706,140.3642283055041,11.294126656711102
1,2016,Middle Overs,1,2016-03-08,"Vidarbha Cricket Association Stadium, Jamtha",HK,ZIM,2,8.4,JJ Atkinson,WP Masakadza,1,0,0,0,0.0,0,,,,2016,t20_wc_2016_deliveries.csv,8,4,1,0,1,45,2,52,68,8,5.1923076923076925,5.1923076923076925,31.0,ZIM,159.0,158.0,144.0,114.0,10.058823529411764,5.866515837104072,141.106986243519,11.467494617778524
1,2016,Middle Overs,1,2016-03-08,"Vidarbha Cricket Association Stadium, Jamtha",HK,ZIM,2,8.5,MS Chapman,WP Masakadza,0,0,0,0,0.0,0,,,,2016,t20_wc_2016_deliveries.csv,8,5,0,0,1,45,2,53,67,8,5.09433962264151,5.09433962264151,30.0,ZIM,159.0,158.0,144.0,114.0,10.208955223880595,6.114615601239088,140.29910388057593,11.202958781586874
1,2016,Middle Overs,1,2016-03-08,"Vidarbha Cricket Association Stadium, Jamtha",HK,ZIM,2,8.6,MS Chapman,WP Masakadza,0,0,0,0,0.0,0,,,,2016,t20_wc_2016_deliveries.csv,8,6,0,0,1,45,2,54,66,8,5.0,5.0,30.0,ZIM,159.0,158.0,144.0,114.0,10.363636363636363,6.363636363636363,140.19810696327298,11.202958781586874
1,2016,Middle Overs,1,2016-03-08,"Vidarbha Cricket Association Stadium, Jamtha",HK,ZIM,2,9.1,JJ Atkinson,SC Williams,1,0,0,0,0.0,0,,,,2016,t20_wc_2016_deliveries.csv,9,1,1,0,1,46,2,55,65,8,5.0181818181818185,5.0181818181818185,31.0,ZIM,159.0,158.0,144.0,113.0,10.430769230769233,6.4125874125874125,141.00669650721252,11.202958781586874
1,2016,Middle Overs,1,2016-03-08,"Vidarbha Cricket Association Stadium, Jamtha",HK,ZIM,2,9.2,MS Chapman,SC Williams,1,0,0,0,0.0,0,,,,2016,t20_wc_2016_deliveries.csv,9,2,1,0,1,47,2,56,64,8,5.035714285714286,5.035714285714286,32.0,ZIM,159.0,158.0,144.0,112.0,10.5,6.464285714285714,141.0303234438807,11.202958781586874
1,2016,Middle Overs,1,2016-03-08,"Vidarbha Cricket Association Stadium, Jamtha",HK,ZIM,2,9.3,JJ Atkinson,SC Williams,0,0,0,0,0.0,0,,,,2016,t20_wc_2016_deliveries.csv,9,3,0,0,1,47,2,57,63,8,4.947368421052632,4.947368421052632,28.0,ZIM,159.0,158.0,144.0,112.0,10.666666666666666,6.719298245614034,139.90984963660625,11.202958781586874
1,2016,Middle Overs,1,2016-03-08,"Vidarbha Cricket Association Stadium, Jamtha",HK,ZIM,2,9.4,JJ Atkinson,SC Williams,1,0,0,0,0.0,0,,,,2016,t20_wc_2016_deliveries.csv,9,4,1,0,1,48,2,58,62,8,4.965517241379311,4.965517241379311,29.0,ZIM,159.0,158.0,144.0,111.0,10.741935483870968,6.7764182424916575,140.12313983564562,11.202958781586874
1,2016,Middle Overs,1,2016-03-08,"Vidarbha Cricket Association Stadium, Jamtha",HK,ZIM,2,9.5,MS Chapman,SC Williams,0,0,0,0,0.0,0,,,,2016,t20_wc_2016_deliveries.csv,9,5,0,0,1,48,2,59,61,8,4.88135593220339,4.88135593220339,29.0,ZIM,159.0,158.0,144.0,111.0,10.918032786885243,7.036676854681855,140.16016846632877,11.202958781586874
1,2016,Middle Overs,1,2016-03-08,"Vidarbha Cricket Association Stadium, Jamtha",HK,ZIM,2,9.6,MS Chapman,SC Williams,0,0,0,0,0.0,0,,,,2016,t20_wc_2016_deliveries.csv,9,6,0,0,1,48,2,60,60,8,4.8,4.8,29.0,ZIM,159.0,158.0,144.0,111.0,11.1,7.3,139.88938628315333,10.833110574742962
1,2016,Middle Overs,1,2016-03-08,"Vidarbha Cricket Association Stadium, Jamtha",HK,ZIM,2,10.1,JJ Atkinson,WP Masakadza,0,0,0,0,0.0,0,,,,2016,t20_wc_2016_deliveries.csv,10,1,0,0,1,48,2,61,59,8,4.721311475409836,4.721311475409836,29.0,ZIM,159.0,158.0,144.0,111.0,11.28813559322034,7.566824117810503,139.63905948582868,10.059926677583542
1,2016,Middle Overs,1,2016-03-08,"Vidarbha Cricket Association Stadium, Jamtha",HK,ZIM,2,10.2,JJ Atkinson,WP Masakadza,1,0,0,0,0.0,0,,,,2016,t20_wc_2016_deliveries.csv,10,2,1,0,1,49,2,62,58,8,4.741935483870968,4.741935483870968,26.0,ZIM,159.0,158.0,144.0,110.0,11.379310344827584,7.637374860956617,139.10294334288614,10.059926677583542
1,2016,Middle Overs,1,2016-03-08,"Vidarbha Cricket Association Stadium, Jamtha",HK,ZIM,2,10.3,MS Chapman,WP Masakadza,4,0,0,0,0.0,0,,,,2016,t20_wc_2016_deliveries.csv,10,3,4,0,1,53,2,63,57,8,5.047619047619048,5.047619047619048,30.0,ZIM,159.0,158.0,144.0,106.0,11.157894736842104,7.110275689223057,140.07668422991435,11.202958781586874
1,2016,Middle Overs,1,2016-03-08,"Vidarbha Cricket Association Stadium, Jamtha",HK,ZIM,2,10.4,MS Chapman,WP Masakadza,6,0,0,0,0.0,0,,,,2016,t20_wc_2016_deliveries.csv,10,4,6,0,1,59,2,64,56,8,5.53125,5.53125,35.0,ZIM,159.0,158.0,144.0,100.0,10.714285714285714,6.1830357142857135,142.04507437717734,11.748503422121084
1,2016,Middle Overs,1,2016-03-08,"Vidarbha Cricket Association Stadium, Jamtha",HK,ZIM,2,10.5,MS Chapman,WP Masakadza,0,0,0,0,0.0,0,,,,2016,t20_wc_2016_deliveries.csv,10,5,0,0,1,59,2,65,55,8,5.446153846153846,5.446153846153846,35.0,ZIM,159.0,158.0,144.0,100.0,10.909090909090908,6.462937062937062,142.18934435361595,11.748503422121084
1,2016,Middle Overs,1,2016-03-08,"Vidarbha Cricket Association Stadium, Jamtha",HK,ZIM,2,10.6,MS Chapman,WP Masakadza,0,0,0,0,0.0,0,,,,2016,t20_wc_2016_deliveries.csv,10,6,0,0,1,59,2,66,54,8,5.363636363636363,5.363636363636363,35.0,ZIM,159.0,158.0,144.0,100.0,11.11111111111111,6.747474747474747,142.1213181040328,11.748503422121084
1,2016,Middle Overs,1,2016-03-08,"Vidarbha Cricket Association Stadium, Jamtha",HK,ZIM,2,11.1,JJ Atkinson,Sikandar Raza,0,0,0,0,0.0,0,,,,2016,t20_wc_2016_deliveries.csv,11,1,0,0,1,59,2,67,53,8,5.283582089552239,5.283582089552239,35.0,ZIM,159.0,158.0,144.0,100.0,11.320754716981131,7.037172627428893,141.9420514070133,11.748503422121084
1,2016,Middle Overs,1,2016-03-08,"Vidarbha Cricket Association Stadium, Jamtha",HK,ZIM,2,11.2,JJ Atkinson,Sikandar Raza,2,0,0,0,0.0,0,,,,2016,t20_wc_2016_deliveries.csv,11,2,2,0,1,61,2,68,52,8,5.382352941176471,5.382352941176471,33.0,ZIM,159.0,158.0,144.0,98.0,11.307692307692308,6.925339366515837,141.3330939090806,11.748503422121084
1,2016,Middle Overs,1,2016-03-08,"Vidarbha Cricket Association Stadium, Jamtha",HK,ZIM,2,11.3,JJ Atkinson,Sikandar Raza,0,1,0,1,0.0,0,,,,2016,t20_wc_2016_deliveries.csv,11,3,1,0,1,62,2,69,51,8,5.391304347826087,5.391304347826087,34.0,ZIM,159.0,158.0,144.0,97.0,11.411764705882351,7.020460358056266,141.9759356740201,11.748503422121084
1,2016,Middle Overs,1,2016-03-08,"Vidarbha Cricket Association Stadium, Jamtha",HK,ZIM,2,11.4,MS Chapman,Sikandar Raza,4,0,0,0,0.0,0,,,,2016,t20_wc_2016_deliveries.csv,11,4,4,0,1,66,2,70,50,8,5.6571428571428575,5.6571428571428575,37.0,ZIM,159.0,158.0,144.0,93.0,11.16,6.502857142857143,142.72745212834846,11.940674842790106
1,2016,Middle Overs,1,2016-03-08,"Vidarbha Cricket Association Stadium, Jamtha",HK,ZIM,2,11.5,MS Chapman,Sikandar Raza,0,0,0,0,0.0,0,,,,2016,t20_wc_2016_deliveries.csv,11,5,0,0,1,66,2,71,49,8,5.577464788732394,5.577464788732394,36.0,ZIM,159.0,158.0,144.0,93.0,11.387755102040815,6.810290313308423,142.47884115940607,11.940674842790106
1,2016,Middle Overs,1,2016-03-08,"Vidarbha Cricket Association Stadium, Jamtha",HK,ZIM,2,11.6,MS Chapman,Sikandar Raza,0,1,1,0,0.0,0,,,,2016,t20_wc_2016_deliveries.csv,11,6,1,0,0,67,2,71,49,8,5.661971830985915,5.661971830985915,35.0,ZIM,159.0,158.0,144.0,92.0,11.26530612244898,6.603334291463065,142.63196429840932,11.940674842790106
1,2016,Middle Overs,1,2016-03-08,"Vidarbha Cricket Association Stadium, Jamtha",HK,ZIM,2,11.6,MS Chapman,Sikandar Raza,0,0,0,0,0.0,0,,,,2016,t20_wc_2016_deliveries.csv,11,6,0,0,1,67,2,72,48,8,5.583333333333333,5.583333333333333,34.0,ZIM,159.0,158.0,144.0,92.0,11.5,6.916666666666667,142.3717242960407,11.940674842790106
1,2016,Middle Overs,1,2016-03-08,"Vidarbha Cricket Association Stadium, Jamtha",HK,ZIM,2,12.1,JJ Atkinson,T Panyangara,2,0,0,0,0.0,0,,,,2016,t20_wc_2016_deliveries.csv,12,1,2,0,1,69,2,73,47,8,5.671232876712328,5.671232876712328,35.0,ZIM,159.0,158.0,144.0,90.0,11.48936170212766,6.818128825415331,142.79813072686997,11.940674842790106
1,2016,Middle Overs,1,2016-03-08,"Vidarbha Cricket Association Stadium, Jamtha",HK,ZIM,2,12.2,JJ Atkinson,T Panyangara,0,0,0,0,0.0,0,,,,2016,t20_wc_2016_deliveries.csv,12,2,0,0,1,69,2,74,46,8,5.594594594594595,5.594594594594595,33.0,ZIM,159.0,158.0,144.0,90.0,11.73913043478261,7.144535840188015,141.9035406889662,11.940674842790106
1,2016,Middle Overs,1,2016-03-08,"Vidarbha Cricket Association Stadium, Jamtha",HK,ZIM,2,12.3,JJ Atkinson,T Panyangara,1,0,0,0,0.0,0,,,,2016,t20_wc_2016_deliveries.csv,12,3,1,0,1,70,2,75,45,8,5.6,5.6,33.0,ZIM,159.0,158.0,144.0,89.0,11.866666666666667,7.2666666666666675,141.954773893358,11.549639834248845
1,2016,Middle Overs,1,2016-03-08,"Vidarbha Cricket Association Stadium, Jamtha",HK,ZIM,2,12.4,MS Chapman,T Panyangara,1,0,0,0,0.0,0,,,,2016,t20_wc_2016_deliveries.csv,12,4,1,0,1,71,2,76,44,8,5.605263157894737,5.605263157894737,28.0,ZIM,159.0,158.0,144.0,88.0,12.0,7.394736842105263,140.93213488462334,11.549639834248845
1,2016,Middle Overs,1,2016-03-08,"Vidarbha Cricket Association Stadium, Jamtha",HK,ZIM,2,12.5,JJ Atkinson,T Panyangara,1,0,0,0,0.0,0,,,,2016,t20_wc_2016_deliveries.csv,12,5,1,0,1,72,2,77,43,8,5.6103896103896105,5.6103896103896105,29.0,ZIM,159.0,158.0,144.0,87.0,12.13953488372093,7.52914527333132,140.8966248280209,10.731470477889445
1,2016,Middle Overs,1,2016-03-08,"Vidarbha Cricket Association Stadium, Jamtha",HK,ZIM,2,12.6,MS Chapman,T Panyangara,2,0,0,0,0.0,0,,,,2016,t20_wc_2016_deliveries.csv,12,6,2,0,1,74,2,78,42,8,5.6923076923076925,5.6923076923076925,31.0,ZIM,159.0,158.0,144.0,85.0,12.142857142857142,7.45054945054945,141.87952481833221,11.059564585807388
1,2016,Middle Overs,1,2016-03-08,"Vidarbha Cricket Association Stadium, Jamtha",HK,ZIM,2,13.1,JJ Atkinson,Sikandar Raza,0,1,0,1,0.0,0,,,,2016,t20_wc_2016_deliveries.csv,13,1,1,0,1,75,2,79,41,8,5.69620253164557,5.69620253164557,32.0,ZIM,159.0,158.0,144.0,84.0,12.292682926829269,7.596480395183699,141.8772682492046,10.731470477889445
1,2016,Middle Overs,1,2016-03-08,"Vidarbha Cricket Association Stadium, Jamtha",HK,ZIM,2,13.2,MS Chapman,Sikandar Raza,0,0,0,0,0.0,0,caught,MS Chapman,V Sibanda,2016,t20_wc_2016_deliveries.csv,13,2,0,1,1,75,3,80,40,7,5.625,5.625,31.0,ZIM,159.0,158.0,144.0,84.0,12.6,8.475,140.54949367723583,10.653893248794985
1,2016,Middle Overs,1,2016-03-08,"Vidarbha Cricket Association Stadium, Jamtha",HK,ZIM,2,13.3,JJ Atkinson,Sikandar Raza,1,0,0,0,0.0,0,,,,2016,t20_wc_2016_deliveries.csv,13,3,1,0,1,76,3,81,39,7,5.62962962962963,5.62962962962963,31.0,ZIM,159.0,158.0,144.0,83.0,12.76923076923077,8.63960113960114,140.61227180705666,10.653893248794985
1,2016,Middle Overs,1,2016-03-08,"Vidarbha Cricket Association Stadium, Jamtha",HK,ZIM,2,13.4,Anshuman Rath,Sikandar Raza,1,0,0,0,0.0,0,,,,2016,t20_wc_2016_deliveries.csv,13,4,1,0,1,77,3,82,38,7,5.634146341463414,5.634146341463414,32.0,ZIM,159.0,158.0,144.0,82.0,12.947368421052632,8.813222079589217,140.697547250788,10.653893248794985
1,2016,Middle Overs,1,2016-03-08,"Vidarbha Cricket Association Stadium, Jamtha",HK,ZIM,2,13.5,JJ Atkinson,Sikandar Raza,1,0,0,0,0.0,0,,,,2016,t20_wc_2016_deliveries.csv,13,5,1,0,1,78,3,83,37,7,5.63855421686747,5.63855421686747,33.0,ZIM,159.0,158.0,144.0,81.0,13.135135135135137,8.996580918267664,140.63227046319835,10.653893248794985
1,2016,Middle Overs,1,2016-03-08,"Vidarbha Cricket Association Stadium, Jamtha",HK,ZIM,2,13.6,Anshuman Rath,Sikandar Raza,0,0,0,0,0.0,0,,,,2016,t20_wc_2016_deliveries.csv,13,6,0,0,1,78,3,84,36,7,5.571428571428571,5.571428571428571,32.0,ZIM,159.0,158.0,144.0,81.0,13.5,9.428571428571429,139.00897331844678,10.653893248794985
1,2016,Middle Overs,1,2016-03-08,"Vidarbha Cricket Association Stadium, Jamtha",HK,ZIM,2,14.1,JJ Atkinson,WP Masakadza,0,4,0,0,1.0,0,,,,2016,t20_wc_2016_deliveries.csv,14,1,4,0,1,82,3,85,35,7,5.788235294117647,5.788235294117647,35.0,ZIM,159.0,158.0,144.0,77.0,13.2,8.911764705882351,141.66194461417277,10.653893248794985
1,2016,Middle Overs,1,2016-03-08,"Vidarbha Cricket Association Stadium, Jamtha",HK,ZIM,2,14.2,JJ Atkinson,WP Masakadza,2,0,0,0,0.0,0,,,,2016,t20_wc_2016_deliveries.csv,14,2,2,0,1,84,3,86,34,7,5.8604651162790695,5.8604651162790695,37.0,ZIM,159.0,158.0,144.0,75.0,13.235294117647058,8.874829001367988,141.91557424542455,10.653893248794985
1,2016,Middle Overs,1,2016-03-08,"Vidarbha Cricket Association Stadium, Jamtha",HK,ZIM,2,14.3,JJ Atkinson,WP Masakadza,1,0,0,0,0.0,0,,,,2016,t20_wc_2016_deliveries.csv,14,3,1,0,1,85,3,87,33,7,5.862068965517241,5.862068965517241,37.0,ZIM,159.0,158.0,144.0,74.0,13.454545454545457,9.092476489028217,141.67017869760363,10.653893248794985
1,2016,Middle Overs,1,2016-03-08,"Vidarbha Cricket Association Stadium, Jamtha",HK,ZIM,2,14.4,Anshuman Rath,WP Masakadza,4,0,0,0,0.0,0,,,,2016,t20_wc_2016_deliveries.csv,14,4,4,0,1,89,3,88,32,7,6.068181818181818,6.068181818181818,41.0,ZIM,159.0,158.0,144.0,70.0,13.125,8.556818181818182,142.41954669377765,10.653893248794985
1,2016,Middle Overs,1,2016-03-08,"Vidarbha Cricket Association Stadium, Jamtha",HK,ZIM,2,14.5,Anshuman Rath,WP Masakadza,1,0,0,0,0.0,0,,,,2016,t20_wc_2016_deliveries.csv,14,5,1,0,1,90,3,89,31,7,6.067415730337078,6.067415730337078,42.0,ZIM,159.0,158.0,144.0,69.0,13.35483870967742,8.787422979340342,142.43597956491675,10.653893248794985
1,2016,Middle Overs,1,2016-03-08,"Vidarbha Cricket Association Stadium, Jamtha",HK,ZIM,2,14.6,JJ Atkinson,WP Masakadza,1,0,0,0,0.0,0,,,,2016,t20_wc_2016_deliveries.csv,14,6,1,0,1,91,3,90,30,7,6.066666666666666,6.066666666666666,43.0,ZIM,159.0,158.0,144.0,68.0,13.6,9.033333333333331,142.38874117754506,10.653893248794985
1,2016,Death Overs,1,2016-03-08,"Vidarbha Cricket Association Stadium, Jamtha",HK,ZIM,2,15.1,JJ Atkinson,TL Chatara,0,0,0,0,0.0,0,,,,2016,t20_wc_2016_deliveries.csv,15,1,0,0,1,91,3,91,29,7,6.0,6.0,42.0,ZIM,159.0,158.0,144.0,68.0,14.06896551724138,9.56896551724138,141.24549185785858,10.653893248794985
1,2016,Death Overs,1,2016-03-08,"Vidarbha Cricket Association Stadium, Jamtha",HK,ZIM,2,15.2,JJ Atkinson,TL Chatara,6,0,0,0,0.0,0,,,,2016,t20_wc_2016_deliveries.csv,15,2,6,0,1,97,3,92,28,7,6.326086956521739,6.326086956521739,44.0,ZIM,159.0,158.0,144.0,62.0,13.285714285714286,8.459627329192546,143.1530965355181,10.653893248794985
1,2016,Death Overs,1,2016-03-08,"Vidarbha Cricket Association Stadium, Jamtha",HK,ZIM,2,15.3,JJ Atkinson,TL Chatara,4,0,0,0,0.0,0,,,,2016,t20_wc_2016_deliveries.csv,15,3,4,0,1,101,3,93,27,7,6.516129032258065,6.516129032258065,42.0,ZIM,159.0,158.0,144.0,58.0,12.88888888888889,7.872759856630824,145.9381175218535,10.731470477889445
1,2016,Death Overs,1,2016-03-08,"Vidarbha Cricket Association Stadium, Jamtha",HK,ZIM,2,15.4,JJ Atkinson,TL Chatara,1,0,0,0,0.0,0,,,,2016,t20_wc_2016_deliveries.csv,15,4,1,0,1,102,3,94,26,7,6.51063829787234,6.51063829787234,43.0,ZIM,159.0,158.0,144.0,57.0,13.153846153846152,8.143207855973813,145.44846372288546,10.653893248794985
1,2016,Death Overs,1,2016-03-08,"Vidarbha Cricket Association Stadium, Jamtha",HK,ZIM,2,15.5,Anshuman Rath,TL Chatara,0,0,0,0,0.0,0,,,,2016,t20_wc_2016_deliveries.csv,15,5,0,0,1,102,3,95,25,7,6.442105263157894,6.442105263157894,43.0,ZIM,159.0,158.0,144.0,57.0,13.68,8.737894736842104,144.91775396338357,10.653893248794985
1,2016,Death Overs,1,2016-03-08,"Vidarbha Cricket Association Stadium, Jamtha",HK,ZIM,2,15.6,Anshuman Rath,TL Chatara,4,0,0,0,0.0,0,,,,2016,t20_wc_2016_deliveries.csv,15,6,4,0,1,106,3,96,24,7,6.625,6.625,47.0,ZIM,159.0,158.0,144.0,53.0,13.25,8.125,146.14060467491348,10.653893248794985
1,2016,Death Overs,1,2016-03-08,"Vidarbha Cricket Association Stadium, Jamtha",HK,ZIM,2,16.1,JJ Atkinson,DT Tiripano,2,0,0,0,0.0,0,,,,2016,t20_wc_2016_deliveries.csv,16,1,2,0,1,108,3,97,23,7,6.680412371134021,6.680412371134021,47.0,ZIM,159.0,158.0,144.0,51.0,13.304347826086955,8.123935454952935,146.21242097414668,10.653893248794985
1,2016,Death Overs,1,2016-03-08,"Vidarbha Cricket Association Stadium, Jamtha",HK,ZIM,2,16.2,JJ Atkinson,DT Tiripano,0,0,0,0,0.0,0,caught,JJ Atkinson,SC Williams,2016,t20_wc_2016_deliveries.csv,16,2,0,1,1,108,4,98,22,6,6.612244897959184,6.612244897959184,46.0,ZIM,159.0,158.0,144.0,51.0,13.909090909090908,9.296846011131723,146.25434552065678,10.119380065316237
1,2016,Death Overs,1,2016-03-08,"Vidarbha Cricket Association Stadium, Jamtha",HK,ZIM,2,16.3,Anshuman Rath,DT Tiripano,3,0,0,0,0.0,0,,,,2016,t20_wc_2016_deliveries.csv,16,3,3,0,1,111,4,99,21,6,6.727272727272728,6.727272727272728,45.0,ZIM,159.0,158.0,144.0,48.0,13.714285714285714,8.987012987012985,146.42643542015023,10.119380065316237
1,2016,Death Overs,1,2016-03-08,"Vidarbha Cricket Association Stadium, Jamtha",HK,ZIM,2,16.4,Tanwir Afzal,DT Tiripano,4,0,0,0,0.0,0,,,,2016,t20_wc_2016_deliveries.csv,16,4,4,0,1,115,4,100,20,6,6.9,6.9,49.0,ZIM,159.0,158.0,144.0,44.0,13.2,8.299999999999999,146.4837321533931,10.119380065316237
1,2016,Death Overs,1,2016-03-08,"Vidarbha Cricket Association Stadium, Jamtha",HK,ZIM,2,16.5,Tanwir Afzal,DT Tiripano,2,0,0,0,0.0,0,,,,2016,t20_wc_2016_deliveries.csv,16,5,2,0,1,117,4,101,19,6,6.950495049504951,6.950495049504951,50.0,ZIM,159.0,158.0,144.0,42.0,13.263157894736842,8.312662845231891,146.38537311217397,10.119380065316237
1,2016,Death Overs,1,2016-03-08,"Vidarbha Cricket Association Stadium, Jamtha",HK,ZIM,2,16.6,Tanwir Afzal,DT Tiripano,3,0,0,0,0.0,0,,,,2016,t20_wc_2016_deliveries.csv,16,6,3,0,1,120,4,102,18,6,7.0588235294117645,7.0588235294117645,53.0,ZIM,159.0,158.0,144.0,39.0,13.0,7.9411764705882355,146.68300484883082,10.193509241810546
1,2016,Death Overs,1,2016-03-08,"Vidarbha Cricket Association Stadium, Jamtha",HK,ZIM,2,17.1,Tanwir Afzal,T Panyangara,0,0,0,0,0.0,0,,,,2016,t20_wc_2016_deliveries.csv,17,1,0,0,1,120,4,103,17,6,6.990291262135922,6.990291262135922,51.0,ZIM,159.0,158.0,144.0,39.0,13.764705882352942,8.77441462021702,146.20788517649066,10.119380065316237
1,2016,Death Overs,1,2016-03-08,"Vidarbha Cricket Association Stadium, Jamtha",HK,ZIM,2,17.2,Tanwir Afzal,T Panyangara,0,0,0,0,0.0,0,,,,2016,t20_wc_2016_deliveries.csv,17,2,0,0,1,120,4,104,16,6,6.923076923076923,6.923076923076923,51.0,ZIM,159.0,158.0,144.0,39.0,14.625,9.701923076923077,145.99043898849177,10.119380065316237
1,2016,Death Overs,1,2016-03-08,"Vidarbha Cricket Association Stadium, Jamtha",HK,ZIM,2,17.3,Tanwir Afzal,T Panyangara,2,0,0,0,0.0,0,,,,2016,t20_wc_2016_deliveries.csv,17,3,2,0,1,122,4,105,15,6,6.971428571428572,6.971428571428572,52.0,ZIM,159.0,158.0,144.0,37.0,14.8,9.82857142857143,145.98850168036137,10.119380065316237
1,2016,Death Overs,1,2016-03-08,"Vidarbha Cricket Association Stadium, Jamtha",HK,ZIM,2,17.4,Tanwir Afzal,T Panyangara,0,0,0,0,0.0,0,,,,2016,t20_wc_2016_deliveries.csv,17,4,0,0,1,122,4,106,14,6,6.90566037735849,6.90566037735849,51.0,ZIM,159.0,158.0,144.0,37.0,15.857142857142858,10.951482479784367,145.88688821133002,10.119380065316237
1,2016,Death Overs,1,2016-03-08,"Vidarbha Cricket Association Stadium, Jamtha",HK,ZIM,2,17.5,Tanwir Afzal,T Panyangara,6,0,0,0,0.0,0,,,,2016,t20_wc_2016_deliveries.csv,17,5,6,0,1,128,4,107,13,6,7.177570093457944,7.177570093457944,56.0,ZIM,159.0,158.0,144.0,31.0,14.307692307692308,9.130122214234364,146.52539909270737,10.119380065316237
1,2016,Death Overs,1,2016-03-08,"Vidarbha Cricket Association Stadium, Jamtha",HK,ZIM,2,17.6,Tanwir Afzal,T Panyangara,1,0,0,0,0.0,0,,,,2016,t20_wc_2016_deliveries.csv,17,6,1,0,1,129,4,108,12,6,7.166666666666667,7.166666666666667,55.0,ZIM,159.0,158.0,144.0,30.0,15.0,9.833333333333332,146.19636251459804,10.119380065316237
1,2016,Death Overs,1,2016-03-08,"Vidarbha Cricket Association Stadium, Jamtha",HK,ZIM,2,18.1,Tanwir Afzal,TL Chatara,1,0,0,0,0.0,0,,,,2016,t20_wc_2016_deliveries.csv,18,1,1,0,1,130,4,109,11,6,7.155963302752293,7.155963302752293,55.0,ZIM,159.0,158.0,144.0,29.0,15.818181818181818,10.662218515429526,146.0472427966848,10.119380065316237
1,2016,Death Overs,1,2016-03-08,"Vidarbha Cricket Association Stadium, Jamtha",HK,ZIM,2,18.2,Anshuman Rath,TL Chatara,0,0,0,0,0.0,0,caught,Anshuman Rath,DT Tiripano,2016,t20_wc_2016_deliveries.csv,18,2,0,1,1,130,5,110,10,5,7.090909090909091,7.090909090909091,55.0,ZIM,159.0,158.0,144.0,29.0,17.4,12.809090909090909,145.64786475283447,8.751828646473973
1,2016,Death Overs,1,2016-03-08,"Vidarbha Cricket Association Stadium, Jamtha",HK,ZIM,2,18.3,Nizakat Khan,TL Chatara,0,0,0,0,0.0,0,caught,Nizakat Khan,SC Williams,2016,t20_wc_2016_deliveries.csv,18,3,0,1,1,130,6,111,9,4,7.027027027027027,7.027027027027027,54.0,ZIM,159.0,158.0,144.0,29.0,19.33333333333333,15.306306306306304,144.9281985457236,8.751828646473973
1,2016,Death Overs,1,2016-03-08,"Vidarbha Cricket Association Stadium, Jamtha",HK,ZIM,2,18.4,Tanwir Afzal,TL Chatara,4,1,0,0,0.0,1,,,,2016,t20_wc_2016_deliveries.csv,18,4,5,0,0,135,6,111,9,4,7.297297297297297,7.297297297297297,58.0,ZIM,159.0,158.0,144.0,24.0,16.0,11.702702702702702,145.72712369408754,8.751828646473973
1,2016,Death Overs,1,2016-03-08,"Vidarbha Cricket Association Stadium, Jamtha",HK,ZIM,2,18.4,Tanwir Afzal,TL Chatara,1,0,0,0,0.0,0,,,,2016,t20_wc_2016_deliveries.csv,18,4,1,0,1,136,6,112,8,4,7.285714285714286,7.285714285714286,58.0,ZIM,159.0,158.0,144.0,23.0,17.25,12.964285714285715,145.47827114030244,8.751828646473973
1,2016,Death Overs,1,2016-03-08,"Vidarbha Cricket Association Stadium, Jamtha",HK,ZIM,2,18.5,Aizaz Khan,TL Chatara,0,0,0,0,0.0,0,,,,2016,t20_wc_2016_deliveries.csv,18,5,0,0,1,136,6,113,7,4,7.221238938053097,7.221238938053097,58.0,ZIM,159.0,158.0,144.0,23.0,19.714285714285715,15.493046776232616,145.29777258795892,8.751828646473973
1,2016,Death Overs,1,2016-03-08,"Vidarbha Cricket Association Stadium, Jamtha",HK,ZIM,2,18.6,Aizaz Khan,TL Chatara,0,0,0,0,0.0,0,,,,2016,t20_wc_2016_deliveries.csv,18,6,0,0,1,136,6,114,6,4,7.157894736842105,7.157894736842105,54.0,ZIM,159.0,158.0,144.0,23.0,23.0,18.84210526315789,145.06854303170007,8.751828646473973
1,2016,Death Overs,1,2016-03-08,"Vidarbha Cricket Association Stadium, Jamtha",HK,ZIM,2,19.1,Tanwir Afzal,DT Tiripano,1,0,0,0,0.0,0,,,,2016,t20_wc_2016_deliveries.csv,19,1,1,0,1,137,6,115,5,4,7.147826086956521,7.147826086956521,53.0,ZIM,159.0,158.0,144.0,22.0,26.4,22.25217391304348,145.07451794718608,8.751828646473973
1,2016,Death Overs,1,2016-03-08,"Vidarbha Cricket Association Stadium, Jamtha",HK,ZIM,2,19.2,Aizaz Khan,DT Tiripano,0,1,0,1,0.0,0,,,,2016,t20_wc_2016_deliveries.csv,19,2,1,0,1,138,6,116,4,4,7.137931034482759,7.137931034482759,53.0,ZIM,159.0,158.0,144.0,21.0,31.5,25.0,144.8577522470061,8.751828646473973
1,2016,Death Overs,1,2016-03-08,"Vidarbha Cricket Association Stadium, Jamtha",HK,ZIM,2,19.3,Tanwir Afzal,DT Tiripano,0,0,0,0,0.0,0,,,,2016,t20_wc_2016_deliveries.csv,19,3,0,0,1,138,6,117,3,4,7.076923076923077,7.076923076923077,49.0,ZIM,159.0,158.0,144.0,21.0,42.0,25.0,144.90291157172524,8.751828646473973
1,2016,Death Overs,1,2016-03-08,"Vidarbha Cricket Association Stadium, Jamtha",HK,ZIM,2,19.4,Tanwir Afzal,DT Tiripano,0,0,0,0,0.0,0,,,,2016,t20_wc_2016_deliveries.csv,19,4,0,0,1,138,6,118,2,4,7.016949152542373,7.016949152542373,48.0,ZIM,159.0,158.0,144.0,21.0,63.0,25.0,144.75236130543297,8.751828646473973
1,2016,Death Overs,1,2016-03-08,"Vidarbha Cricket Association Stadium, Jamtha",HK,ZIM,2,19.5,Tanwir Afzal,DT Tiripano,2,0,0,0,0.0,0,,,,2016,t20_wc_2016_deliveries.csv,19,5,2,0,1,140,6,119,1,4,7.0588235294117645,7.0588235294117645,49.0,ZIM,159.0,158.0,144.0,19.0,114.0,25.0,145.2109129710786,8.751828646473973
1,2016,Death Overs,1,2016-03-08,"Vidarbha Cricket Association Stadium, Jamtha",HK,ZIM,2,19.6,Tanwir Afzal,DT Tiripano,4,0,0,0,0.0,0,,,,2016,t20_wc_2016_deliveries.csv,19,6,4,0,1,144,6,120,0,4,7.2,7.2,53.0,ZIM,159.0,158.0,144.0,15.0,,,144,
